Date,24K - Local Price/Sell,24K - Local Price/Buy,22K - Local Price/Sell,22K - Local Price/Buy,21K - Local Price/Sell,21K - Local Price/Buy,18K - Local Price/Sell,18K - Local Price/Buy,14K - Local Price/Sell,14K - Local Price/Buy,12K - Local Price/Sell,12K - Local Price/Buy,24K - Global Price,22K - Global Price,21K - Global Price,18K - Global Price,14K - Global Price,12K - Global Price,9K - Global Price,15K - Global Price,16K - Global Price,17K - Global Price,19K - Global Price,20K - Global Price,23K - Global Price,25K - Global Price,26K - Global Price,27K - Global Price,28K - Global Price,29K - Global Price,30K - Global Price,31K - Global Price,1K - Global Price,2K - Global Price,3K - Global Price,4K - Global Price,5K - Global Price,6K - Global Price,7K - Global Price,8K - Global Price,10K - Global Price,11K - Global Price,13K - Global Price
2022-11-09,1394.0,1401.0,1278.0,1284.0,1220.0,1226.0,1046.0,1051.0,813.0,817.0,697.0,701.0,1339.0,1227.0,1171.0,1004.0,780.84,669.28,501.97,,,,,,,,,,,,,,,,,,,,,,,,
2022-11-10,1398.0,1402.0,1281.0,1285.0,1223.0,1227.0,1048.0,1052.0,815.0,818.0,699.0,701.0,1378.0,1263.0,1206.0,1033.0,803.74,688.91,516.69,,,,,,,,,,,,,,,,,,,,,,,,
2022-11-11,1431.0,1435.0,1312.0,1316.0,1252.0,1256.0,1073.0,1077.0,835.0,837.0,715.0,718.0,1387.0,1271.0,1213.0,1040.0,808.95,693.38,520.04,,,,,,,,,,,,,,,,,,,,,,,,
2022-11-12,1446.0,1457.0,1325.0,1336.0,1265.0,1275.0,1084.0,1093.0,843.0,850.0,723.0,729.0,1387.0,1272.0,1214.0,1041.0,809.33,693.71,520.28,,,,,,,,,,,,,,,,,,,,,,,,
2022-11-13,1429.0,1440.0,1310.0,1320.0,1250.0,1260.0,1071.0,1080.0,833.0,840.0,714.0,720.0,1388.0,1273.0,1215.0,1041.0,809.92,694.21,520.66,,,,,,,,,,,,,,,,,,,,,,,,
2022-11-14,1438.0,1442.0,1318.0,1322.0,1258.0,1262.0,1078.0,1082.0,839.0,841.0,719.0,721.0,1395.0,1279.0,1221.0,1046.0,813.78,697.52,523.15,,,,,,,,,,,,,,,,,,,,,,,,
2022-11-15,1442.0,1449.0,1322.0,1328.0,1262.0,1268.0,1082.0,1087.0,841.0,845.0,721.0,725.0,1400.0,1283.0,1225.0,1050.0,816.5,699.86,524.89,,,,,,,,,,,,,,,,,,,,,,,,
2022-11-16,1438.0,1445.0,1318.0,1324.0,1258.0,1264.0,1078.0,1083.0,839.0,843.0,719.0,722.0,1397.0,1281.0,1223.0,1048.0,815.05,698.61,523.96,,,,,,,,,,,,,,,,,,,,,,,,
2022-11-17,1449.0,1454.0,1328.0,1333.0,1268.0,1272.0,1087.0,1090.0,845.0,848.0,725.0,727.0,1389.0,1273.0,1215.0,1042.0,810.2,694.45,520.84,,,,,,,,,,,,,,,,,,,,,,,,
2022-11-18,1466.0,1471.0,1344.0,1348.0,1283.0,1287.0,1100.0,1103.0,855.0,858.0,733.0,735.0,1379.0,1264.0,1207.0,1034.0,804.49,689.56,517.17,,,,,,,,,,,,,,,,,,,,,,,,
2022-11-19,1475.0,1480.0,1349.0,1354.0,1290.0,1294.0,1106.0,1109.0,859.0,861.0,736.0,738.0,1384.0,1269.0,1211.0,1038.0,807.31,691.98,518.99,,,,,,,,,,,,,,,,,,,,,,,,
2022-11-20,1472.0,1477.0,1349.0,1354.0,1288.0,1292.0,1104.0,1107.0,859.0,861.0,736.0,738.0,1387.0,1271.0,1213.0,1040.0,808.92,693.35,520.02,,,,,,,,,,,,,,,,,,,,,,,,
2022-11-21,1491.0,1498.0,1367.0,1373.0,1305.0,1311.0,1119.0,1124.0,870.0,874.0,746.0,749.0,1372.0,1258.0,1201.0,1029.0,800.42,686.07,514.56,,,,,,,,,,,,,,,,,,,,,,,,
2022-11-22,1520.0,1527.0,1393.0,1400.0,1330.0,1336.0,1140.0,1145.0,887.0,891.0,760.0,763.0,1372.0,1258.0,1201.0,1029.0,800.39,686.04,514.54,,,,,,,,,,,,,,,,,,,,,,,,
2022-11-23,1549.0,1560.0,1420.0,1430.0,1355.0,1365.0,1161.0,1170.0,903.0,910.0,774.0,780.0,1383.0,1268.0,1210.0,1037.0,806.77,691.51,518.64,,,,,,,,,,,,,,,,,,,,,,,,
2022-11-24,1589.0,1600.0,1456.0,1467.0,1390.0,1400.0,1191.0,1200.0,927.0,933.0,794.0,800.0,1388.0,1273.0,1215.0,1041.0,809.79,694.11,520.58,,,,,,,,,,,,,,,,,,,,,,,,
2022-11-25,1629.0,1640.0,1493.0,1503.0,1425.0,1435.0,1221.0,1230.0,950.0,957.0,814.0,820.0,1388.0,1272.0,1215.0,1041.0,809.75,694.07,520.55,,,,,,,,,,,,,,,,,,,,,,,,
2022-11-26,1638.0,1649.0,1501.0,1512.0,1433.0,1443.0,1228.0,1237.0,955.0,962.0,819.0,825.0,1386.0,1270.0,1212.0,1039.0,808.22,692.75,519.57,,,,,,,,,,,,,,,,,,,,,,,,
2022-11-27,1669.0,1691.0,1530.0,1550.0,1460.0,1480.0,1251.0,1269.0,973.0,987.0,834.0,846.0,1389.0,1274.0,1216.0,1042.0,810.51,694.72,521.04,,,,,,,,,,,,,,,,,,,,,,,,
2022-11-28,1646.0,1691.0,1509.0,1550.0,1440.0,1480.0,1234.0,1269.0,960.0,987.0,823.0,846.0,1375.0,1261.0,1203.0,1032.0,802.29,687.67,515.76,,,,,,,,,,,,,,,,,,,,,,,,
2022-11-29,1651.0,1674.0,1514.0,1535.0,1445.0,1465.0,1239.0,1256.0,963.0,977.0,826.0,837.0,1381.0,1266.0,1209.0,1036.0,805.67,690.57,517.93,,,,,,,,,,,,,,,,,,,,,,,,
2022-11-30,1691.0,1703.0,1550.0,1561.0,1480.0,1490.0,1269.0,1277.0,987.0,993.0,846.0,851.0,1398.0,1282.0,1224.0,1049.0,815.7,699.17,524.38,,,,,,,,,,,,,,,,,,,,,,,,
2022-12-01,1746.0,1758.0,1601.0,1611.0,1528.0,1538.0,1310.0,1318.0,1019.0,1025.0,873.0,879.0,1425.0,1306.0,1246.0,1068.0,830.97,712.26,534.2,,,,,,,,,,,,,,,,,,,,,,,,
2022-12-02,1806.0,1829.0,1655.0,1676.0,1580.0,1600.0,1354.0,1371.0,1053.0,1067.0,903.0,914.0,1422.0,1303.0,1244.0,1066.0,829.48,710.98,533.23,,,,,,,,,,,,,,,,,,,,,,,,
2022-12-03,1840.0,1863.0,1687.0,1708.0,1610.0,1630.0,1380.0,1397.0,1073.0,1087.0,920.0,931.0,1422.0,1303.0,1244.0,1066.0,829.48,710.98,533.23,,,,,,,,,,,,,,,,,,,,,,,,
2022-12-04,1920.0,1966.0,1760.0,1802.0,1680.0,1720.0,1440.0,1474.0,1120.0,1147.0,960.0,983.0,1422.0,1303.0,1244.0,1066.0,829.48,710.98,533.23,,,,,,,,,,,,,,,,,,,,,,,,
2022-12-05,2034.0,2091.0,1865.0,1917.0,1780.0,1830.0,1526.0,1569.0,1187.0,1220.0,1017.0,1046.0,1422.0,1303.0,1244.0,1066.0,829.48,710.98,533.23,,,,,,,,,,,,,,,,,,,,,,,,
2022-12-06,1966.0,2023.0,1802.0,1854.0,1720.0,1770.0,1474.0,1517.0,1147.0,1180.0,983.0,1011.0,1402.0,1285.0,1227.0,1052.0,817.94,701.09,525.82,,,,,,,,,,,,,,,,,,,,,,,,
2022-12-07,1920.0,1966.0,1760.0,1802.0,1680.0,1720.0,1440.0,1474.0,1120.0,1147.0,960.0,983.0,1420.0,1301.0,1242.0,1065.0,828.1,709.8,532.35,,,,,,,,,,,,,,,,,,,,,,,,
2022-12-08,1840.0,1897.0,1687.0,1739.0,1610.0,1660.0,1380.0,1423.0,1073.0,1107.0,920.0,949.0,1417.0,1299.0,1240.0,1062.0,826.33,708.28,531.21,,,,,,,,,,,,,,,,,,,,,,,,
2022-12-09,1886.0,1954.0,1729.0,1791.0,1650.0,1710.0,1414.0,1466.0,1100.0,1140.0,943.0,977.0,1425.0,1306.0,1247.0,1068.0,831.0,712.28,534.21,,,,,,,,,,,,,,,,,,,,,,,,
2022-12-10,1886.0,1954.0,1729.0,1791.0,1650.0,1710.0,1414.0,1466.0,1100.0,1140.0,943.0,977.0,1421.0,1303.0,1243.0,1066.0,828.91,710.49,532.87,,,,,,,,,,,,,,,,,,,,,,,,
2022-12-11,1886.0,1954.0,1729.0,1791.0,1650.0,1710.0,1414.0,1466.0,1100.0,1140.0,943.0,977.0,1423.0,1304.0,1245.0,1067.0,829.82,711.27,533.45,,,,,,,,,,,,,,,,,,,,,,,,
2022-12-12,1886.0,1931.0,1729.0,1770.0,1650.0,1690.0,1414.0,1449.0,1100.0,1127.0,943.0,966.0,1412.0,1295.0,1236.0,1059.0,823.96,706.24,529.69,,,,,,,,,,,,,,,,,,,,,,,,
2022-12-13,1874.0,1897.0,1718.0,1739.0,1640.0,1660.0,1406.0,1423.0,1093.0,1107.0,937.0,949.0,1436.0,1316.0,1256.0,1077.0,837.53,717.88,538.41,,,,,,,,,,,,,,,,,,,,,,,,
2022-12-14,1897.0,1954.0,1739.0,1791.0,1660.0,1710.0,1423.0,1466.0,1107.0,1140.0,949.0,977.0,1438.0,1318.0,1259.0,1079.0,839.0,719.14,539.35,,,,,,,,,,,,,,,,,,,,,,,,
2022-12-15,2114.0,2143.0,1938.0,1964.0,1850.0,1875.0,1586.0,1607.0,1233.0,1250.0,1057.0,1071.0,1412.0,1294.0,1235.0,1059.0,823.52,705.87,529.4,,,,,,,,,,,,,,,,,,,,,,,,
2022-12-16,2091.0,2126.0,1917.0,1949.0,1830.0,1860.0,1569.0,1594.0,1220.0,1240.0,1046.0,1063.0,1423.0,1304.0,1245.0,1067.0,829.9,711.34,533.51,,,,,,,,,,,,,,,,,,,,,,,,
2022-12-17,2000.0,2057.0,1833.0,1886.0,1750.0,1800.0,1500.0,1543.0,1167.0,1200.0,1000.0,1029.0,1422.0,1303.0,1244.0,1066.0,829.44,710.95,533.21,,,,,,,,,,,,,,,,,,,,,,,,
2022-12-18,1943.0,2000.0,1781.0,1833.0,1700.0,1750.0,1457.0,1500.0,1133.0,1167.0,971.0,1000.0,1421.0,1303.0,1244.0,1066.0,829.01,710.58,532.93,,,,,,,,,,,,,,,,,,,,,,,,
2022-12-19,1874.0,1897.0,1718.0,1739.0,1640.0,1660.0,1406.0,1423.0,1093.0,1107.0,937.0,949.0,1424.0,1306.0,1246.0,1068.0,830.96,712.25,534.19,,,,,,,,,,,,,,,,,,,,,,,,
2022-12-20,1966.0,1989.0,1802.0,1823.0,1720.0,1740.0,1474.0,1491.0,1147.0,1160.0,983.0,994.0,1443.0,1323.0,1263.0,1082.0,841.88,721.61,541.21,,,,,,,,,,,,,,,,,,,,,,,,
2022-12-21,1989.0,2034.0,1823.0,1865.0,1740.0,1780.0,1491.0,1526.0,1160.0,1187.0,994.0,1017.0,1447.0,1326.0,1266.0,1085.0,843.91,723.35,542.51,,,,,,,,,,,,,,,,,,,,,,,,
2022-12-22,1966.0,2000.0,1802.0,1833.0,1720.0,1750.0,1474.0,1500.0,1147.0,1167.0,983.0,1000.0,1420.0,1301.0,1242.0,1065.0,828.22,709.9,532.42,,,,,,,,,,,,,,,,,,,,,,,,
2022-12-23,1920.0,1954.0,1760.0,1791.0,1680.0,1710.0,1440.0,1466.0,1120.0,1140.0,960.0,977.0,1430.0,1311.0,1251.0,1073.0,834.2,715.03,536.27,,,,,,,,,,,,,,,,,,,,,,,,
2022-12-24,1886.0,1920.0,1729.0,1760.0,1650.0,1680.0,1414.0,1440.0,1100.0,1120.0,943.0,960.0,1425.0,1306.0,1247.0,1069.0,831.21,712.46,534.35,,,,,,,,,,,,,,,,,,,,,,,,
2022-12-25,1863.0,1897.0,1708.0,1739.0,1630.0,1660.0,1397.0,1423.0,1087.0,1107.0,931.0,949.0,1425.0,1306.0,1247.0,1069.0,831.21,712.46,534.35,,,,,,,,,,,,,,,,,,,,,,,,
2022-12-26,1749.0,1783.0,1603.0,1634.0,1530.0,1560.0,1311.0,1337.0,1020.0,1040.0,874.0,891.0,1430.0,1311.0,1251.0,1073.0,834.18,715.01,536.26,,,,,,,,,,,,,,,,,,,,,,,,
2022-12-27,1800.0,1834.0,1650.0,1681.0,1575.0,1605.0,1350.0,1376.0,1050.0,1070.0,900.0,917.0,1441.0,1321.0,1261.0,1081.0,840.74,720.63,540.47,,,,,,,,,,,,,,,,,,,,,,,,
2022-12-28,1766.0,1789.0,1619.0,1640.0,1545.0,1565.0,1324.0,1341.0,1030.0,1043.0,883.0,894.0,1438.0,1318.0,1258.0,1078.0,838.77,718.94,539.21,,,,,,,,,,,,,,,,,,,,,,,,
2022-12-29,1829.0,1851.0,1676.0,1697.0,1600.0,1620.0,1371.0,1389.0,1067.0,1080.0,914.0,926.0,1449.0,1328.0,1268.0,1087.0,845.31,724.55,543.41,,,,,,,,,,,,,,,,,,,,,,,,
2022-12-30,1886.0,1920.0,1729.0,1760.0,1650.0,1680.0,1414.0,1440.0,1100.0,1120.0,943.0,960.0,1451.0,1330.0,1270.0,1089.0,846.66,725.7,544.28,,,,,,,,,,,,,,,,,,,,,,,,
2022-12-31,1886.0,1920.0,1729.0,1760.0,1650.0,1680.0,1414.0,1440.0,1100.0,1120.0,943.0,960.0,1450.0,1329.0,1269.0,1088.0,845.85,725.01,543.76,,,,,,,,,,,,,,,,,,,,,,,,
2023-01-01,1886.0,1920.0,1729.0,1760.0,1650.0,1680.0,1414.0,1440.0,1100.0,1120.0,943.0,960.0,1450.0,1329.0,1269.0,1088.0,845.85,725.01,543.76,,,,,,,,,,,,,,,,,,,,,,,,
2023-01-02,1869.0,1914.0,1713.0,1755.0,1635.0,1675.0,1401.0,1436.0,1090.0,1117.0,934.0,957.0,1451.0,1330.0,1270.0,1088.0,846.32,725.42,544.06,,,,,,,,,,,,,,,,,,,,,,,,
2023-01-03,1880.0,1891.0,1723.0,1734.0,1645.0,1655.0,1410.0,1419.0,1097.0,1103.0,940.0,946.0,1465.0,1343.0,1282.0,1099.0,854.78,732.67,549.5,,,,,,,,,,,,,,,,,,,,,,,,
2023-01-04,1954.0,1989.0,1791.0,1823.0,1710.0,1740.0,1466.0,1491.0,1140.0,1160.0,977.0,994.0,1576.0,1444.0,1379.0,1182.0,919.1,787.79,590.85,,,,,,,,,,,,,,,,,,,,,,,,
2023-01-05,1966.0,2011.0,1802.0,1844.0,1720.0,1760.0,1474.0,1509.0,1147.0,1173.0,983.0,1006.0,1600.0,1467.0,1400.0,1200.0,933.54,800.17,600.13,,,,,,,,,,,,,,,,,,,,,,,,
2023-01-06,1989.0,2034.0,1823.0,1865.0,1740.0,1780.0,1491.0,1526.0,1160.0,1187.0,994.0,1017.0,1629.0,1494.0,1426.0,1222.0,950.54,814.75,611.06,,,,,,,,,,,,,,,,,,,,,,,,
2023-01-07,2034.0,2069.0,1865.0,1896.0,1780.0,1810.0,1526.0,1551.0,1187.0,1207.0,1017.0,1034.0,1630.0,1494.0,1426.0,1222.0,950.76,814.93,611.2,,,,,,,,,,,,,,,,,,,,,,,,
2023-01-08,2023.0,2057.0,1854.0,1886.0,1770.0,1800.0,1517.0,1543.0,1180.0,1200.0,1011.0,1029.0,1642.0,1505.0,1437.0,1231.0,957.79,820.96,615.72,,,,,,,,,,,,,,,,,,,,,,,,
2023-01-09,1960.0,1994.0,1797.0,1828.0,1715.0,1745.0,1470.0,1496.0,1143.0,1163.0,980.0,997.0,1661.0,1523.0,1454.0,1246.0,969.08,830.64,622.98,,,,,,,,,,,,,,,,,,,,,,,,
2023-01-09,1960.0,1994.0,1797.0,1828.0,1715.0,1745.0,1470.0,1496.0,1143.0,1163.0,980.0,997.0,1661.0,1523.0,1454.0,1246.0,969.03,830.59,622.95,,,,,,,,,,,,,,,,,,,,,,,,
2023-01-10,1943.0,1966.0,1781.0,1802.0,1700.0,1720.0,1457.0,1474.0,1133.0,1147.0,971.0,983.0,1667.0,1528.0,1459.0,1250.0,972.52,833.59,625.19,,,,,,,,,,,,,,,,,,,,,,,,
2023-01-11,2057.0,2091.0,1886.0,1917.0,1800.0,1830.0,1543.0,1569.0,1200.0,1220.0,1029.0,1046.0,1793.0,1644.0,1569.0,1345.0,1046.0,896.73,672.55,,,,,,,,,,,,,,,,,,,,,,,,
2023-01-12,2080.0,2103.0,1907.0,1928.0,1820.0,1840.0,1560.0,1577.0,1213.0,1227.0,1040.0,1051.0,1801.0,1651.0,1576.0,1351.0,1051.0,900.58,675.44,,,,,,,,,,,,,,,,,,,,,,,,
2023-01-13,2080.0,2114.0,1907.0,1938.0,1820.0,1850.0,1560.0,1586.0,1213.0,1233.0,1040.0,1057.0,1826.0,1674.0,1598.0,1369.0,1065.0,912.93,684.7,,,,,,,,,,,,,,,,,,,,,,,,
2023-01-14,2069.0,2103.0,1896.0,1928.0,1810.0,1840.0,1551.0,1577.0,1207.0,1227.0,1034.0,1051.0,1823.0,1671.0,1595.0,1367.0,1063.0,911.37,683.53,,,,,,,,,,,,,,,,,,,,,,,,
2023-01-15,2057.0,2080.0,1886.0,1907.0,1800.0,1820.0,1543.0,1560.0,1200.0,1213.0,1029.0,1040.0,1823.0,1671.0,1595.0,1367.0,1063.0,911.37,683.53,,,,,,,,,,,,,,,,,,,,,,,,
2023-01-16,2000.0,2023.0,1833.0,1854.0,1750.0,1770.0,1500.0,1517.0,1167.0,1180.0,1000.0,1011.0,1828.0,1675.0,1599.0,1371.0,1066.0,913.88,685.41,,,,,,,,,,,,,,,,,,,,,,,,
2023-01-17,2023.0,2046.0,1854.0,1875.0,1770.0,1790.0,1517.0,1534.0,1180.0,1193.0,1011.0,1023.0,1812.0,1661.0,1586.0,1359.0,1057.0,906.06,679.55,,,,,,,,,,,,,,,,,,,,,,,,
2023-01-18,2034.0,2057.0,1865.0,1886.0,1780.0,1800.0,1526.0,1543.0,1187.0,1200.0,1017.0,1029.0,1823.0,1671.0,1595.0,1367.0,1063.0,911.5,683.62,,,,,,,,,,,,,,,,,,,,,,,,
2023-01-19,1989.0,2023.0,1823.0,1854.0,1740.0,1770.0,1491.0,1517.0,1160.0,1180.0,994.0,1011.0,1841.0,1688.0,1611.0,1381.0,1074.0,920.45,690.34,,,,,,,,,,,,,,,,,,,,,,,,
2023-01-20,2017.0,2040.0,1849.0,1870.0,1765.0,1785.0,1513.0,1530.0,1177.0,1190.0,1009.0,1020.0,1849.0,1695.0,1618.0,1387.0,1079.0,924.51,693.39,,,,,,,,,,,,,,,,,,,,,,,,
2023-01-21,2011.0,2034.0,1844.0,1865.0,1760.0,1780.0,1509.0,1526.0,1173.0,1187.0,1006.0,1017.0,1845.0,1692.0,1615.0,1384.0,1076.0,922.69,692.02,,,,,,,,,,,,,,,,,,,,,,,,
2023-01-22,2011.0,2034.0,1844.0,1865.0,1760.0,1780.0,1509.0,1526.0,1173.0,1187.0,1006.0,1017.0,1845.0,1692.0,1615.0,1384.0,1076.0,922.69,692.02,,,,,,,,,,,,,,,,,,,,,,,,
2023-01-23,2017.0,2029.0,1849.0,1860.0,1765.0,1775.0,1513.0,1521.0,1177.0,1183.0,1009.0,1014.0,1842.0,1689.0,1612.0,1382.0,1075.0,921.19,690.9,,,,,,,,,,,,,,,,,,,,,,,,
2023-01-24,2017.0,2029.0,1849.0,1860.0,1765.0,1775.0,1513.0,1521.0,1177.0,1183.0,1009.0,1014.0,1845.0,1691.0,1615.0,1384.0,1076.0,922.57,691.93,,,,,,,,,,,,,,,,,,,,,,,,
2023-01-25,1994.0,2006.0,1828.0,1839.0,1745.0,1755.0,1496.0,1504.0,1163.0,1170.0,997.0,1003.0,1858.0,1703.0,1626.0,1393.0,1084.0,928.96,696.72,,,,,,,,,,,,,,,,,,,,,,,,
2023-01-26,1994.0,2006.0,1828.0,1839.0,1745.0,1755.0,1496.0,1504.0,1163.0,1170.0,997.0,1003.0,1857.0,1702.0,1625.0,1393.0,1083.0,928.36,696.27,,,,,,,,,,,,,,,,,,,,,,,,
2023-01-27,1994.0,2006.0,1828.0,1839.0,1745.0,1755.0,1496.0,1504.0,1163.0,1170.0,997.0,1003.0,1850.0,1696.0,1619.0,1387.0,1079.0,924.98,693.74,,,,,,,,,,,,,,,,,,,,,,,,
2023-01-28,2000.0,2011.0,1833.0,1844.0,1750.0,1760.0,1500.0,1509.0,1167.0,1173.0,1000.0,1006.0,1853.0,1698.0,1621.0,1390.0,1081.0,926.34,694.76,,,,,,,,,,,,,,,,,,,,,,,,
2023-01-29,2000.0,2011.0,1833.0,1844.0,1750.0,1760.0,1500.0,1509.0,1167.0,1173.0,1000.0,1006.0,1853.0,1698.0,1621.0,1390.0,1081.0,926.34,694.76,,,,,,,,,,,,,,,,,,,,,,,,
2023-01-30,1960.0,1983.0,1797.0,1818.0,1715.0,1735.0,1470.0,1487.0,1143.0,1157.0,980.0,991.0,1862.0,1707.0,1630.0,1397.0,1086.0,931.19,698.39,,,,,,,,,,,,,,,,,,,,,,,,
2023-01-31,1931.0,1954.0,1770.0,1791.0,1690.0,1710.0,1449.0,1466.0,1127.0,1140.0,966.0,977.0,1869.0,1713.0,1635.0,1401.0,1090.0,934.28,700.71,,,,,,,,,,,,,,,,,,,,,,,,
2023-02-01,1977.0,1989.0,1812.0,1823.0,1730.0,1740.0,1483.0,1491.0,1153.0,1160.0,989.0,994.0,1873.0,1717.0,1639.0,1405.0,1092.0,936.4,702.3,,,,,,,,,,,,,,,,,,,,,,,,
2023-02-02,1989.0,2011.0,1823.0,1844.0,1740.0,1760.0,1491.0,1509.0,1160.0,1173.0,994.0,1006.0,1894.0,1736.0,1657.0,1421.0,1105.0,947.11,710.34,,,,,,,,,,,,,,,,,,,,,,,,
2023-02-03,1966.0,1989.0,1802.0,1823.0,1720.0,1740.0,1474.0,1491.0,1147.0,1160.0,983.0,994.0,1832.0,1680.0,1603.0,1374.0,1069.0,916.14,687.11,,,,,,,,,,,,,,,,,,,,,,,,
2023-02-04,1931.0,1954.0,1770.0,1791.0,1690.0,1710.0,1449.0,1466.0,1127.0,1140.0,966.0,977.0,1810.0,1659.0,1583.0,1357.0,1056.0,904.8,678.6,,,,,,,,,,,,,,,,,,,,,,,,
2023-02-05,1943.0,1954.0,1781.0,1791.0,1700.0,1710.0,1457.0,1466.0,1133.0,1140.0,971.0,977.0,1810.0,1659.0,1583.0,1357.0,1056.0,904.8,678.6,,,,,,,,,,,,,,,,,,,,,,,,
2023-02-06,1949.0,1960.0,1786.0,1797.0,1705.0,1715.0,1461.0,1470.0,1137.0,1143.0,974.0,980.0,1829.0,1677.0,1600.0,1372.0,1067.0,914.49,685.87,,,,,,,,,,,,,,,,,,,,,,,,
2023-02-07,1943.0,1954.0,1781.0,1791.0,1700.0,1710.0,1457.0,1466.0,1133.0,1140.0,971.0,977.0,1823.0,1671.0,1595.0,1367.0,1063.0,911.53,683.65,,,,,,,,,,,,,,,,,,,,,,,,
2023-02-08,1954.0,1966.0,1791.0,1802.0,1710.0,1720.0,1466.0,1474.0,1140.0,1147.0,977.0,983.0,1830.0,1677.0,1601.0,1372.0,1067.0,914.95,686.22,,,,,,,,,,,,,,,,,,,,,,,,
2023-02-09,1966.0,1977.0,1802.0,1812.0,1720.0,1730.0,1474.0,1483.0,1147.0,1153.0,983.0,989.0,1843.0,1690.0,1613.0,1383.0,1075.0,921.75,691.31,,,,,,,,,,,,,,,,,,,,,,,,
2023-02-10,1960.0,1971.0,1797.0,1807.0,1715.0,1725.0,1470.0,1479.0,1143.0,1150.0,980.0,986.0,1823.0,1671.0,1595.0,1367.0,1063.0,911.45,683.59,,,,,,,,,,,,,,,,,,,,,,,,
2023-02-11,1949.0,1960.0,1786.0,1797.0,1705.0,1715.0,1461.0,1470.0,1137.0,1143.0,974.0,980.0,1826.0,1674.0,1598.0,1370.0,1065.0,913.07,684.8,,,,,,,,,,,,,,,,,,,,,,,,
2023-02-12,1949.0,1960.0,1786.0,1797.0,1705.0,1715.0,1461.0,1470.0,1137.0,1143.0,974.0,980.0,1826.0,1674.0,1598.0,1370.0,1065.0,913.07,684.8,,,,,,,,,,,,,,,,,,,,,,,,
2023-02-13,1949.0,1960.0,1786.0,1797.0,1705.0,1715.0,1461.0,1470.0,1137.0,1143.0,974.0,980.0,1825.0,1673.0,1597.0,1369.0,1065.0,912.54,684.41,,,,,,,,,,,,,,,,,,,,,,,,
2023-02-14,1943.0,1954.0,1781.0,1791.0,1700.0,1710.0,1457.0,1466.0,1133.0,1140.0,971.0,977.0,1825.0,1673.0,1597.0,1369.0,1065.0,912.55,684.41,,,,,,,,,,,,,,,,,,,,,,,,
2023-02-15,1931.0,1943.0,1770.0,1781.0,1690.0,1700.0,1449.0,1457.0,1127.0,1133.0,966.0,971.0,1806.0,1656.0,1581.0,1355.0,1054.0,903.2,677.4,,,,,,,,,,,,,,,,,,,,,,,,
2023-02-16,1920.0,1931.0,1760.0,1770.0,1680.0,1690.0,1440.0,1449.0,1120.0,1127.0,960.0,966.0,1801.0,1651.0,1576.0,1350.0,1050.0,900.27,675.21,,,,,,,,,,,,,,,,,,,,,,,,
2023-02-17,1914.0,1926.0,1755.0,1765.0,1675.0,1685.0,1436.0,1444.0,1117.0,1123.0,957.0,963.0,1797.0,1648.0,1573.0,1348.0,1048.0,898.68,674.01,,,,,,,,,,,,,,,,,,,,,,,,
2023-02-18,1920.0,1931.0,1760.0,1770.0,1680.0,1690.0,1440.0,1449.0,1120.0,1127.0,960.0,966.0,1806.0,1656.0,1581.0,1355.0,1054.0,903.17,677.38,,,,,,,,,,,,,,,,,,,,,,,,
2023-02-19,1920.0,1931.0,1760.0,1770.0,1680.0,1690.0,1440.0,1449.0,1120.0,1127.0,960.0,966.0,1806.0,1656.0,1581.0,1355.0,1054.0,903.17,677.38,,,,,,,,,,,,,,,,,,,,,,,,
2023-02-22,1922.0,1929.0,1762.0,1768.0,1682.0,1688.0,1442.0,1447.0,1121.0,1125.0,961.0,965.0,1810.0,1659.0,1584.0,1357.0,1056.0,904.87,678.65,,,,,,,,,,,,,,,,,,,,,,,,
2023-02-23,1914.0,1926.0,1755.0,1765.0,1675.0,1685.0,1436.0,1444.0,1117.0,1123.0,957.0,963.0,1797.0,1647.0,1572.0,1348.0,1048.0,898.4,673.8,,,,,,,,,,,,,,,,,,,,,,,,
2023-02-25,1909.0,1920.0,1750.0,1760.0,1670.0,1680.0,1431.0,1440.0,1113.0,1120.0,954.0,960.0,1779.0,1630.0,1556.0,1334.0,1037.0,889.26,666.95,,,,,,,,,,,,,,,,,,,,,,,,
2023-02-26,1909.0,1920.0,1750.0,1760.0,1670.0,1680.0,1431.0,1440.0,1113.0,1120.0,954.0,960.0,1779.0,1630.0,1556.0,1334.0,1037.0,889.26,666.95,,,,,,,,,,,,,,,,,,,,,,,,
2023-02-27,1909.0,1915.0,1750.0,1756.0,1670.0,1676.0,1431.0,1437.0,1113.0,1117.0,954.0,958.0,1785.0,1636.0,1562.0,1338.0,1041.0,892.28,669.21,,,,,,,,,,,,,,,,,,,,,,,,
2023-02-28,1909.0,1915.0,1750.0,1756.0,1670.0,1676.0,1431.0,1437.0,1113.0,1117.0,954.0,958.0,1786.0,1637.0,1563.0,1339.0,1042.0,892.98,669.74,,,,,,,,,,,,,,,,,,,,,,,,
2023-03-01,1920.0,1943.0,1760.0,1781.0,1680.0,1700.0,1440.0,1457.0,1120.0,1133.0,960.0,971.0,1813.0,1662.0,1586.0,1360.0,1058.0,906.46,679.85,,,,,,,,,,,,,,,,,,,,,,,,
2023-03-02,1989.0,2023.0,1823.0,1854.0,1740.0,1770.0,1491.0,1517.0,1160.0,1180.0,994.0,1011.0,1813.0,1662.0,1586.0,1360.0,1058.0,906.43,679.83,,,,,,,,,,,,,,,,,,,,,,,,
2023-03-03,2023.0,2046.0,1854.0,1875.0,1770.0,1790.0,1517.0,1534.0,1180.0,1193.0,1011.0,1023.0,1827.0,1674.0,1598.0,1370.0,1066.0,913.33,685.0,,,,,,,,,,,,,,,,,,,,,,,,
2023-03-04,2069.0,2091.0,1896.0,1917.0,1810.0,1830.0,1551.0,1569.0,1207.0,1220.0,1034.0,1046.0,1835.0,1682.0,1606.0,1376.0,1070.0,917.48,688.11,,,,,,,,,,,,,,,,,,,,,,,,
2023-03-05,2080.0,2103.0,1907.0,1928.0,1820.0,1840.0,1560.0,1577.0,1213.0,1227.0,1040.0,1051.0,1835.0,1682.0,1606.0,1376.0,1070.0,917.48,688.11,,,,,,,,,,,,,,,,,,,,,,,,
2023-03-06,2091.0,2114.0,1917.0,1938.0,1830.0,1850.0,1569.0,1586.0,1220.0,1233.0,1046.0,1057.0,1830.0,1678.0,1601.0,1373.0,1068.0,915.08,686.32,,,,,,,,,,,,,,,,,,,,,,,,
2023-03-07,2086.0,2097.0,1912.0,1922.0,1825.0,1835.0,1564.0,1573.0,1217.0,1223.0,1043.0,1049.0,1818.0,1667.0,1591.0,1364.0,1061.0,909.05,681.79,,,,,,,,,,,,,,,,,,,,,,,,
2023-03-08,2057.0,2080.0,1886.0,1907.0,1800.0,1820.0,1543.0,1560.0,1200.0,1213.0,1029.0,1040.0,1803.0,1653.0,1578.0,1352.0,1052.0,901.56,676.17,,,,,,,,,,,,,,,,,,,,,,,,
2023-03-09,2114.0,2137.0,1938.0,1959.0,1850.0,1870.0,1586.0,1603.0,1233.0,1247.0,1057.0,1069.0,1808.0,1658.0,1582.0,1356.0,1055.0,904.18,678.14,,,,,,,,,,,,,,,,,,,,,,,,
2023-03-10,2097.0,2109.0,1922.0,1933.0,1835.0,1845.0,1573.0,1581.0,1223.0,1230.0,1049.0,1054.0,1824.0,1672.0,1596.0,1368.0,1064.0,911.77,683.83,,,,,,,,,,,,,,,,,,,,,,,,
2023-03-11,2114.0,2126.0,1938.0,1949.0,1850.0,1860.0,1586.0,1594.0,1233.0,1240.0,1057.0,1063.0,1848.0,1694.0,1617.0,1386.0,1078.0,924.0,693.01,,,,,,,,,,,,,,,,,,,,,,,,
2023-03-12,2114.0,2126.0,1938.0,1949.0,1850.0,1860.0,1586.0,1594.0,1233.0,1240.0,1057.0,1063.0,1848.0,1694.0,1617.0,1386.0,1078.0,924.0,693.01,,,,,,,,,,,,,,,,,,,,,,,,
2023-03-13,2149.0,2171.0,1970.0,1990.0,1880.0,1900.0,1611.0,1629.0,1253.0,1267.0,1074.0,1086.0,1882.0,1725.0,1647.0,1412.0,1098.0,941.04,705.78,,,,,,,,,,,,,,,,,,,,,,,,
2023-03-14,2177.0,2189.0,1996.0,2006.0,1905.0,1915.0,1633.0,1641.0,1270.0,1277.0,1089.0,1094.0,1894.0,1736.0,1657.0,1420.0,1105.0,946.8,710.1,,,,,,,,,,,,,,,,,,,,,,,,
2023-03-15,2183.0,2206.0,2001.0,2022.0,1910.0,1930.0,1637.0,1654.0,1273.0,1287.0,1091.0,1103.0,1908.0,1749.0,1669.0,1431.0,1113.0,953.81,715.36,,,,,,,,,,,,,,,,,,,,,,,,
2023-03-16,2189.0,2211.0,2006.0,2027.0,1915.0,1935.0,1641.0,1659.0,1277.0,1290.0,1094.0,1106.0,1915.0,1755.0,1676.0,1436.0,1117.0,957.44,718.08,,,,,,,,,,,,,,,,,,,,,,,,
2023-03-17,2217.0,2240.0,2032.0,2053.0,1940.0,1960.0,1663.0,1680.0,1293.0,1307.0,1109.0,1120.0,1918.0,1758.0,1678.0,1438.0,1119.0,958.89,719.17,,,,,,,,,,,,,,,,,,,,,,,,
2023-03-18,2354.0,2400.0,2158.0,2200.0,2060.0,2100.0,1766.0,1800.0,1373.0,1400.0,1177.0,1200.0,1951.0,1788.0,1707.0,1463.0,1138.0,975.25,731.44,,,,,,,,,,,,,,,,,,,,,,,,
2023-03-19,2343.0,2400.0,2148.0,2200.0,2050.0,2100.0,1757.0,1800.0,1367.0,1400.0,1171.0,1200.0,1951.0,1788.0,1707.0,1463.0,1138.0,975.25,731.44,,,,,,,,,,,,,,,,,,,,,,,,
2023-03-20,2354.0,2377.0,2158.0,2179.0,2060.0,2080.0,1766.0,1783.0,1373.0,1387.0,1177.0,1189.0,1972.0,1808.0,1726.0,1479.0,1151.0,986.18,739.64,,,,,,,,,,,,,,,,,,,,,,,,
2023-03-21,2246.0,2280.0,2059.0,2090.0,1965.0,1995.0,1684.0,1710.0,1310.0,1330.0,1123.0,1140.0,1956.0,1793.0,1712.0,1467.0,1141.0,977.98,733.49,,,,,,,,,,,,,,,,,,,,,,,,
2023-03-22,2269.0,2291.0,2080.0,2100.0,1985.0,2005.0,1701.0,1719.0,1323.0,1337.0,1134.0,1146.0,1932.0,1771.0,1691.0,1449.0,1127.0,966.04,724.53,,,,,,,,,,,,,,,,,,,,,,,,
2023-03-23,2303.0,2314.0,2111.0,2121.0,2015.0,2025.0,1727.0,1736.0,1343.0,1350.0,1151.0,1157.0,1967.0,1803.0,1721.0,1475.0,1147.0,983.3,737.48,,,,,,,,,,,,,,,,,,,,,,,,
2023-03-25,2286.0,2309.0,2095.0,2116.0,2000.0,2020.0,1714.0,1731.0,1333.0,1347.0,1143.0,1154.0,1963.0,1799.0,1717.0,1472.0,1145.0,981.29,735.97,,,,,,,,,,,,,,,,,,,,,,,,
2023-03-26,2286.0,2320.0,2095.0,2127.0,2000.0,2030.0,1714.0,1740.0,1333.0,1353.0,1143.0,1160.0,1963.0,1799.0,1717.0,1472.0,1145.0,981.29,735.97,,,,,,,,,,,,,,,,,,,,,,,,
2023-03-27,2263.0,2297.0,2074.0,2106.0,1980.0,2010.0,1697.0,1723.0,1320.0,1340.0,1131.0,1149.0,1943.0,1781.0,1700.0,1457.0,1133.0,971.36,728.52,,,,,,,,,,,,,,,,,,,,,,,,
2023-03-28,2354.0,2389.0,2158.0,2190.0,2060.0,2090.0,1766.0,1791.0,1373.0,1393.0,1177.0,1194.0,1947.0,1785.0,1704.0,1460.0,1136.0,973.45,730.09,,,,,,,,,,,,,,,,,,,,,,,,
2023-03-29,2377.0,2423.0,2179.0,2221.0,2080.0,2120.0,1783.0,1817.0,1387.0,1413.0,1189.0,1211.0,1955.0,1792.0,1710.0,1466.0,1140.0,977.25,732.94,,,,,,,,,,,,,,,,,,,,,,,,
2023-03-30,2423.0,2457.0,2221.0,2252.0,2120.0,2150.0,1817.0,1843.0,1413.0,1433.0,1211.0,1229.0,1957.0,1794.0,1712.0,1468.0,1142.0,978.51,733.89,,,,,,,,,,,,,,,,,,,,,,,,
2023-03-31,2491.0,2526.0,2284.0,2315.0,2180.0,2210.0,1869.0,1894.0,1453.0,1473.0,1246.0,1263.0,1963.0,1799.0,1717.0,1472.0,1145.0,981.34,736.01,,,,,,,,,,,,,,,,,,,,,,,,
2023-04-02,2446.0,2491.0,2242.0,2284.0,2140.0,2180.0,1834.0,1869.0,1427.0,1453.0,1223.0,1246.0,1946.0,1784.0,1703.0,1460.0,1135.0,973.01,729.76,,,,,,,,,,,,,,,,,,,,,,,,
2023-04-03,2434.0,2457.0,2231.0,2252.0,2130.0,2150.0,1826.0,1843.0,1420.0,1433.0,1217.0,1229.0,1960.0,1797.0,1715.0,1470.0,1143.0,980.07,735.06,,,,,,,,,,,,,,,,,,,,,,,,
2023-04-04,2423.0,2457.0,2221.0,2252.0,2120.0,2150.0,1817.0,1843.0,1413.0,1433.0,1211.0,1229.0,1969.0,1805.0,1723.0,1477.0,1149.0,984.61,738.46,,,,,,,,,,,,,,,,,,,,,,,,
2023-04-05,2497.0,2520.0,2289.0,2310.0,2185.0,2205.0,1873.0,1890.0,1457.0,1470.0,1249.0,1260.0,2011.0,1844.0,1760.0,1509.0,1173.0,1006.0,754.28,,,,,,,,,,,,,,,,,,,,,,,,
2023-04-06,2480.0,2503.0,2273.0,2294.0,2170.0,2190.0,1860.0,1877.0,1447.0,1460.0,1240.0,1251.0,2006.0,1839.0,1755.0,1504.0,1170.0,1003.0,752.22,,,,,,,,,,,,,,,,,,,,,,,,
2023-04-07,2451.0,2474.0,2247.0,2268.0,2145.0,2165.0,1839.0,1856.0,1430.0,1443.0,1226.0,1237.0,1996.0,1829.0,1746.0,1497.0,1164.0,997.8,748.35,,,,,,,,,,,,,,,,,,,,,,,,
2023-04-08,2457.0,2480.0,2252.0,2273.0,2150.0,2170.0,1843.0,1860.0,1433.0,1447.0,1229.0,1240.0,1979.0,1814.0,1731.0,1484.0,1154.0,989.28,741.96,,,,,,,,,,,,,,,,,,,,,,,,
2023-04-09,2457.0,2480.0,2252.0,2273.0,2150.0,2170.0,1843.0,1860.0,1433.0,1447.0,1229.0,1240.0,1979.0,1814.0,1731.0,1484.0,1154.0,989.28,741.96,,,,,,,,,,,,,,,,,,,,,,,,
2023-04-10,2463.0,2474.0,2258.0,2268.0,2155.0,2165.0,1847.0,1856.0,1437.0,1443.0,1231.0,1237.0,1993.0,1827.0,1744.0,1494.0,1162.0,996.27,747.21,,,,,,,,,,,,,,,,,,,,,,,,
2023-04-11,2474.0,2486.0,2268.0,2279.0,2165.0,2175.0,1856.0,1864.0,1443.0,1450.0,1237.0,1243.0,1997.0,1830.0,1747.0,1497.0,1165.0,998.27,748.7,,,,,,,,,,,,,,,,,,,,,,,,
2023-04-12,2514.0,2537.0,2305.0,2326.0,2200.0,2220.0,1886.0,1903.0,1467.0,1480.0,1257.0,1269.0,1998.0,1831.0,1748.0,1498.0,1165.0,998.78,749.09,,,,,,,,,,,,,,,,,,,,,,,,
2023-04-13,2571.0,2594.0,2357.0,2378.0,2250.0,2270.0,1929.0,1946.0,1500.0,1513.0,1286.0,1297.0,2024.0,1855.0,1771.0,1518.0,1181.0,1012.0,759.02,,,,,,,,,,,,,,,,,,,,,,,,
2023-04-14,2594.0,2617.0,2378.0,2399.0,2270.0,2290.0,1946.0,1963.0,1513.0,1527.0,1297.0,1309.0,2029.0,1860.0,1775.0,1522.0,1183.0,1014.0,760.78,,,,,,,,,,,,,,,,,,,,,,,,
2023-04-15,2583.0,2594.0,2368.0,2378.0,2260.0,2270.0,1937.0,1946.0,1507.0,1513.0,1291.0,1297.0,1974.0,1809.0,1727.0,1480.0,1151.0,986.77,740.08,,,,,,,,,,,,,,,,,,,,,,,,
2023-04-16,2583.0,2594.0,2368.0,2378.0,2260.0,2270.0,1937.0,1946.0,1507.0,1513.0,1291.0,1297.0,1974.0,1809.0,1727.0,1480.0,1151.0,986.77,740.08,,,,,,,,,,,,,,,,,,,,,,,,
2023-04-17,2651.0,2686.0,2430.0,2462.0,2320.0,2350.0,1989.0,2014.0,1547.0,1567.0,1326.0,1343.0,1996.0,1829.0,1746.0,1497.0,1164.0,997.82,748.37,,,,,,,,,,,,,,,,,,,,,,,,
2023-04-18,2611.0,2634.0,2394.0,2415.0,2285.0,2305.0,1959.0,1976.0,1523.0,1537.0,1306.0,1317.0,1992.0,1826.0,1743.0,1494.0,1162.0,996.02,747.02,,,,,,,,,,,,,,,,,,,,,,,,
2023-04-19,2686.0,2720.0,2462.0,2493.0,2350.0,2380.0,2014.0,2040.0,1567.0,1587.0,1343.0,1360.0,1963.0,1800.0,1718.0,1473.0,1145.0,981.72,736.29,,,,,,,,,,,,,,,,,,,,,,,,
2023-04-20,2760.0,2783.0,2530.0,2551.0,2415.0,2435.0,2070.0,2087.0,1610.0,1623.0,1380.0,1391.0,1993.0,1827.0,1744.0,1495.0,1163.0,996.55,747.42,,,,,,,,,,,,,,,,,,,,,,,,
2023-04-21,2777.0,2800.0,2546.0,2567.0,2430.0,2450.0,2083.0,2100.0,1620.0,1633.0,1389.0,1400.0,1977.0,1812.0,1730.0,1483.0,1153.0,988.39,741.29,,,,,,,,,,,,,,,,,,,,,,,,
2023-04-22,2777.0,2800.0,2546.0,2567.0,2430.0,2450.0,2083.0,2100.0,1620.0,1633.0,1389.0,1400.0,1953.0,1790.0,1709.0,1465.0,1139.0,976.34,732.26,,,,,,,,,,,,,,,,,,,,,,,,
2023-04-23,2731.0,2777.0,2504.0,2546.0,2390.0,2430.0,2049.0,2083.0,1593.0,1620.0,1366.0,1389.0,1953.0,1790.0,1709.0,1465.0,1139.0,976.34,732.26,,,,,,,,,,,,,,,,,,,,,,,,
2023-04-24,2811.0,2834.0,2577.0,2598.0,2460.0,2480.0,2109.0,2126.0,1640.0,1653.0,1406.0,1417.0,1971.0,1807.0,1725.0,1479.0,1150.0,985.74,739.31,,,,,,,,,,,,,,,,,,,,,,,,
2023-04-25,2834.0,2857.0,2598.0,2619.0,2480.0,2500.0,2126.0,2143.0,1653.0,1667.0,1417.0,1429.0,1971.0,1806.0,1724.0,1478.0,1149.0,985.27,738.96,,,,,,,,,,,,,,,,,,,,,,,,
2023-04-26,2869.0,2891.0,2630.0,2650.0,2510.0,2530.0,2151.0,2169.0,1673.0,1687.0,1434.0,1446.0,1990.0,1824.0,1742.0,1493.0,1161.0,995.13,746.35,,,,,,,,,,,,,,,,,,,,,,,,
2023-04-27,2971.0,3006.0,2724.0,2755.0,2600.0,2630.0,2229.0,2254.0,1733.0,1753.0,1486.0,1503.0,1992.0,1826.0,1743.0,1494.0,1162.0,996.18,747.14,,,,,,,,,,,,,,,,,,,,,,,,
2023-04-28,3086.0,3143.0,2829.0,2881.0,2700.0,2750.0,2314.0,2357.0,1800.0,1833.0,1543.0,1571.0,1971.0,1807.0,1725.0,1478.0,1150.0,985.56,739.17,,,,,,,,,,,,,,,,,,,,,,,,
2023-04-29,2914.0,2971.0,2671.0,2724.0,2550.0,2600.0,2186.0,2229.0,1700.0,1733.0,1457.0,1486.0,1960.0,1796.0,1715.0,1470.0,1143.0,979.75,734.82,,,,,,,,,,,,,,,,,,,,,,,,
2023-04-30,2994.0,3029.0,2745.0,2776.0,2620.0,2650.0,2246.0,2271.0,1747.0,1767.0,1497.0,1514.0,1960.0,1796.0,1715.0,1470.0,1143.0,979.75,734.82,,,,,,,,,,,,,,,,,,,,,,,,
2023-05-01,2994.0,3029.0,2745.0,2776.0,2620.0,2650.0,2246.0,2271.0,1747.0,1767.0,1497.0,1514.0,1978.0,1814.0,1731.0,1484.0,1154.0,989.18,741.89,,,,,,,,,,,,,,,,,,,,,,,,
2023-05-02,3000.0,3057.0,2750.0,2802.0,2625.0,2675.0,2250.0,2293.0,1750.0,1783.0,1500.0,1529.0,1976.0,1812.0,1729.0,1482.0,1153.0,988.11,741.09,,,,,,,,,,,,,,,,,,,,,,,,
2023-05-03,2994.0,3029.0,2745.0,2776.0,2620.0,2650.0,2246.0,2271.0,1747.0,1767.0,1497.0,1514.0,1998.0,1832.0,1748.0,1499.0,1166.0,999.06,749.3,,,,,,,,,,,,,,,,,,,,,,,,
2023-05-04,2994.0,3029.0,2745.0,2776.0,2620.0,2650.0,2246.0,2271.0,1747.0,1767.0,1497.0,1514.0,2033.0,1864.0,1779.0,1525.0,1186.0,1017.0,762.42,,,,,,,,,,,,,,,,,,,,,,,,
2023-05-05,2994.0,3017.0,2745.0,2766.0,2620.0,2640.0,2246.0,2263.0,1747.0,1760.0,1497.0,1509.0,2030.0,1861.0,1776.0,1523.0,1184.0,1015.0,761.24,,,,,,,,,,,,,,,,,,,,,,,,
2023-05-06,2960.0,2983.0,2713.0,2734.0,2590.0,2610.0,2220.0,2237.0,1727.0,1740.0,1480.0,1491.0,1965.0,1801.0,1719.0,1474.0,1146.0,982.42,736.81,,,,,,,,,,,,,,,,,,,,,,,,
2023-05-07,2960.0,2983.0,2713.0,2734.0,2590.0,2610.0,2220.0,2237.0,1727.0,1740.0,1480.0,1491.0,1965.0,1801.0,1719.0,1474.0,1146.0,982.42,736.81,,,,,,,,,,,,,,,,,,,,,,,,
2023-05-08,2949.0,2971.0,2703.0,2724.0,2580.0,2600.0,2211.0,2229.0,1720.0,1733.0,1474.0,1486.0,2012.0,1844.0,1761.0,1509.0,1174.0,1006.0,754.56,,,,,,,,,,,,,,,,,,,,,,,,
2023-05-09,2897.0,2931.0,2656.0,2687.0,2535.0,2565.0,2173.0,2199.0,1690.0,1710.0,1449.0,1466.0,2019.0,1851.0,1767.0,1514.0,1178.0,1010.0,757.16,,,,,,,,,,,,,,,,,,,,,,,,
2023-05-10,2891.0,2914.0,2650.0,2671.0,2530.0,2550.0,2169.0,2186.0,1687.0,1700.0,1446.0,1457.0,2019.0,1851.0,1767.0,1514.0,1178.0,1009.0,757.08,,,,,,,,,,,,,,,,,,,,,,,,
2023-05-11,2874.0,2897.0,2635.0,2656.0,2515.0,2535.0,2156.0,2173.0,1677.0,1690.0,1437.0,1449.0,2020.0,1852.0,1768.0,1515.0,1178.0,1010.0,757.57,,,,,,,,,,,,,,,,,,,,,,,,
2023-05-12,2811.0,2846.0,2577.0,2609.0,2460.0,2490.0,2109.0,2134.0,1640.0,1660.0,1406.0,1423.0,1994.0,1828.0,1745.0,1496.0,1163.0,997.18,747.89,,,,,,,,,,,,,,,,,,,,,,,,
2023-05-13,2686.0,2720.0,2462.0,2493.0,2350.0,2380.0,2014.0,2040.0,1567.0,1587.0,1343.0,1360.0,1982.0,1817.0,1735.0,1487.0,1156.0,991.12,743.34,,,,,,,,,,,,,,,,,,,,,,,,
2023-05-14,2663.0,2720.0,2441.0,2493.0,2330.0,2380.0,1997.0,2040.0,1553.0,1587.0,1331.0,1360.0,1982.0,1817.0,1735.0,1487.0,1156.0,991.12,743.34,,,,,,,,,,,,,,,,,,,,,,,,
2023-05-15,2594.0,2617.0,2378.0,2399.0,2270.0,2290.0,1946.0,1963.0,1513.0,1527.0,1297.0,1309.0,2004.0,1837.0,1753.0,1503.0,1169.0,1002.0,751.45,,,,,,,,,,,,,,,,,,,,,,,,
2023-05-16,2583.0,2617.0,2368.0,2399.0,2260.0,2290.0,1937.0,1963.0,1507.0,1527.0,1291.0,1309.0,1996.0,1830.0,1746.0,1497.0,1164.0,997.92,748.44,,,,,,,,,,,,,,,,,,,,,,,,
2023-05-17,2503.0,2526.0,2294.0,2315.0,2190.0,2210.0,1877.0,1894.0,1460.0,1473.0,1251.0,1263.0,1973.0,1808.0,1726.0,1479.0,1151.0,986.31,739.73,,,,,,,,,,,,,,,,,,,,,,,,
2023-05-18,2491.0,2526.0,2284.0,2315.0,2180.0,2210.0,1869.0,1894.0,1453.0,1473.0,1246.0,1263.0,1958.0,1795.0,1713.0,1468.0,1142.0,978.88,734.16,,,,,,,,,,,,,,,,,,,,,,,,
2023-05-19,2514.0,2537.0,2305.0,2326.0,2200.0,2220.0,1886.0,1903.0,1467.0,1480.0,1257.0,1269.0,1954.0,1791.0,1709.0,1465.0,1140.0,976.79,732.6,,,,,,,,,,,,,,,,,,,,,,,,
2023-05-20,2651.0,2686.0,2430.0,2462.0,2320.0,2350.0,1989.0,2014.0,1547.0,1567.0,1326.0,1343.0,1961.0,1797.0,1716.0,1470.0,1144.0,980.3,735.23,,,,,,,,,,,,,,,,,,,,,,,,
2023-05-21,2709.0,2743.0,2483.0,2514.0,2370.0,2400.0,2031.0,2057.0,1580.0,1600.0,1354.0,1371.0,1961.0,1797.0,1716.0,1470.0,1144.0,980.3,735.23,,,,,,,,,,,,,,,,,,,,,,,,
2023-05-22,2829.0,2886.0,2593.0,2645.0,2475.0,2525.0,2121.0,2164.0,1650.0,1683.0,1414.0,1443.0,1969.0,1805.0,1723.0,1477.0,1149.0,984.53,738.4,,,,,,,,,,,,,,,,,,,,,,,,
2023-05-23,2760.0,2783.0,2530.0,2551.0,2415.0,2435.0,2070.0,2087.0,1610.0,1623.0,1380.0,1391.0,1950.0,1788.0,1706.0,1463.0,1138.0,975.07,731.3,,,,,,,,,,,,,,,,,,,,,,,,
2023-05-24,2737.0,2760.0,2509.0,2530.0,2395.0,2415.0,2053.0,2070.0,1597.0,1610.0,1369.0,1380.0,1963.0,1800.0,1718.0,1473.0,1145.0,981.73,736.3,,,,,,,,,,,,,,,,,,,,,,,,
2023-05-25,2674.0,2697.0,2451.0,2472.0,2340.0,2360.0,2006.0,2023.0,1560.0,1573.0,1337.0,1349.0,1950.0,1787.0,1706.0,1462.0,1137.0,974.98,731.23,,,,,,,,,,,,,,,,,,,,,,,,
2023-05-26,2686.0,2709.0,2462.0,2483.0,2350.0,2370.0,2014.0,2031.0,1567.0,1580.0,1343.0,1354.0,1941.0,1779.0,1699.0,1456.0,1132.0,970.56,727.93,,,,,,,,,,,,,,,,,,,,,,,,
2023-05-27,2686.0,2731.0,2462.0,2504.0,2350.0,2390.0,2014.0,2049.0,1567.0,1593.0,1343.0,1366.0,1932.0,1771.0,1690.0,1449.0,1127.0,965.77,724.33,,,,,,,,,,,,,,,,,,,,,,,,
2023-05-28,2663.0,2697.0,2441.0,2472.0,2330.0,2360.0,1997.0,2023.0,1553.0,1573.0,1331.0,1349.0,1928.0,1768.0,1687.0,1446.0,1125.0,964.24,723.18,,,,,,,,,,,,,,,,,,,,,,,,
2023-05-29,2629.0,2663.0,2410.0,2441.0,2300.0,2330.0,1971.0,1997.0,1533.0,1553.0,1314.0,1331.0,1932.0,1771.0,1691.0,1449.0,1127.0,966.07,724.56,,,,,,,,,,,,,,,,,,,,,,,,
2023-05-30,2629.0,2651.0,2410.0,2430.0,2300.0,2320.0,1971.0,1989.0,1533.0,1547.0,1314.0,1326.0,1939.0,1778.0,1697.0,1455.0,1131.0,969.74,727.3,,,,,,,,,,,,,,,,,,,,,,,,
2023-05-31,2651.0,2674.0,2430.0,2451.0,2320.0,2340.0,1989.0,2006.0,1547.0,1560.0,1326.0,1337.0,1947.0,1785.0,1704.0,1460.0,1136.0,973.57,730.18,,,,,,,,,,,,,,,,,,,,,,,,
2023-06-01,2640.0,2663.0,2420.0,2441.0,2310.0,2330.0,1980.0,1997.0,1540.0,1553.0,1320.0,1331.0,1946.0,1783.0,1702.0,1459.0,1135.0,972.77,729.58,,,,,,,,,,,,,,,,,,,,,,,,
2023-06-02,2697.0,2720.0,2472.0,2493.0,2360.0,2380.0,2023.0,2040.0,1573.0,1587.0,1349.0,1360.0,1969.0,1805.0,1723.0,1477.0,1149.0,984.45,738.34,,,,,,,,,,,,,,,,,,,,,,,,
2023-06-03,2680.0,2703.0,2457.0,2478.0,2345.0,2365.0,2010.0,2027.0,1563.0,1577.0,1340.0,1351.0,1933.0,1772.0,1691.0,1450.0,1127.0,966.42,724.82,,,,,,,,,,,,,,,,,,,,,,,,
2023-06-04,2669.0,2680.0,2446.0,2457.0,2335.0,2345.0,2001.0,2010.0,1557.0,1563.0,1334.0,1340.0,1933.0,1772.0,1691.0,1450.0,1127.0,966.42,724.82,,,,,,,,,,,,,,,,,,,,,,,,
2023-06-05,2651.0,2674.0,2430.0,2451.0,2320.0,2340.0,1989.0,2006.0,1547.0,1560.0,1326.0,1337.0,1934.0,1773.0,1693.0,1451.0,1128.0,967.16,725.38,,,,,,,,,,,,,,,,,,,,,,,,
2023-06-06,2674.0,2686.0,2451.0,2462.0,2340.0,2350.0,2006.0,2014.0,1560.0,1567.0,1337.0,1343.0,1951.0,1788.0,1707.0,1463.0,1138.0,975.4,731.55,,,,,,,,,,,,,,,,,,,,,,,,
2023-06-07,2674.0,2686.0,2451.0,2462.0,2340.0,2350.0,2006.0,2014.0,1560.0,1567.0,1337.0,1343.0,1952.0,1790.0,1708.0,1464.0,1139.0,976.21,732.16,,,,,,,,,,,,,,,,,,,,,,,,
2023-06-08,2657.0,2669.0,2436.0,2446.0,2325.0,2335.0,1993.0,2001.0,1550.0,1557.0,1329.0,1334.0,1934.0,1772.0,1692.0,1450.0,1128.0,966.79,725.09,,,,,,,,,,,,,,,,,,,,,,,,
2023-06-09,2669.0,2680.0,2446.0,2457.0,2335.0,2345.0,2001.0,2010.0,1557.0,1563.0,1334.0,1340.0,1955.0,1792.0,1710.0,1466.0,1140.0,977.32,732.99,,,,,,,,,,,,,,,,,,,,,,,,
2023-06-10,2657.0,2669.0,2436.0,2446.0,2325.0,2335.0,1993.0,2001.0,1550.0,1557.0,1329.0,1334.0,1952.0,1789.0,1708.0,1464.0,1139.0,975.99,732.0,,,,,,,,,,,,,,,,,,,,,,,,
2023-06-11,2651.0,2663.0,2430.0,2441.0,2320.0,2330.0,1989.0,1997.0,1547.0,1553.0,1326.0,1331.0,1952.0,1790.0,1708.0,1464.0,1139.0,976.12,732.09,,,,,,,,,,,,,,,,,,,,,,,,
2023-06-12,2640.0,2651.0,2420.0,2430.0,2310.0,2320.0,1980.0,1989.0,1540.0,1547.0,1320.0,1326.0,1950.0,1787.0,1706.0,1462.0,1137.0,974.9,731.18,,,,,,,,,,,,,,,,,,,,,,,,
2023-06-13,2617.0,2640.0,2399.0,2420.0,2290.0,2310.0,1963.0,1980.0,1527.0,1540.0,1309.0,1320.0,1951.0,1788.0,1707.0,1463.0,1138.0,975.3,731.48,,,,,,,,,,,,,,,,,,,,,,,,
2023-06-14,2600.0,2611.0,2383.0,2394.0,2275.0,2285.0,1950.0,1959.0,1517.0,1523.0,1300.0,1306.0,1939.0,1778.0,1697.0,1455.0,1131.0,969.7,727.28,,,,,,,,,,,,,,,,,,,,,,,,
2023-06-15,2577.0,2600.0,2362.0,2383.0,2255.0,2275.0,1933.0,1950.0,1503.0,1517.0,1289.0,1300.0,1921.0,1761.0,1681.0,1441.0,1121.0,960.7,720.53,,,,,,,,,,,,,,,,,,,,,,,,
2023-06-16,2600.0,2623.0,2383.0,2404.0,2275.0,2295.0,1950.0,1967.0,1517.0,1530.0,1300.0,1311.0,1949.0,1787.0,1706.0,1462.0,1137.0,974.55,730.92,,,,,,,,,,,,,,,,,,,,,,,,
2023-06-17,2583.0,2606.0,2368.0,2389.0,2260.0,2280.0,1937.0,1954.0,1507.0,1520.0,1291.0,1303.0,1943.0,1782.0,1701.0,1458.0,1134.0,971.73,728.8,,,,,,,,,,,,,,,,,,,,,,,,
2023-06-18,2560.0,2583.0,2347.0,2368.0,2240.0,2260.0,1920.0,1937.0,1493.0,1507.0,1280.0,1291.0,1943.0,1782.0,1701.0,1458.0,1134.0,971.73,728.8,,,,,,,,,,,,,,,,,,,,,,,,
2023-06-19,2503.0,2526.0,2294.0,2315.0,2190.0,2210.0,1877.0,1894.0,1460.0,1473.0,1251.0,1263.0,1938.0,1776.0,1696.0,1453.0,1130.0,968.84,726.63,,,,,,,,,,,,,,,,,,,,,,,,
2023-06-20,2457.0,2480.0,2252.0,2273.0,2150.0,2170.0,1843.0,1860.0,1433.0,1447.0,1229.0,1240.0,1944.0,1782.0,1701.0,1458.0,1134.0,971.9,728.93,,,,,,,,,,,,,,,,,,,,,,,,
2023-06-21,2434.0,2457.0,2231.0,2252.0,2130.0,2150.0,1826.0,1843.0,1420.0,1433.0,1217.0,1229.0,1922.0,1762.0,1681.0,1441.0,1121.0,960.81,720.61,,,,,,,,,,,,,,,,,,,,,,,,
2023-06-22,2451.0,2486.0,2247.0,2279.0,2145.0,2175.0,1839.0,1864.0,1430.0,1450.0,1226.0,1243.0,1916.0,1756.0,1676.0,1437.0,1117.0,957.81,718.36,,,,,,,,,,,,,,,,,,,,,,,,
2023-06-23,2514.0,2537.0,2305.0,2326.0,2200.0,2220.0,1886.0,1903.0,1467.0,1480.0,1257.0,1269.0,1907.0,1748.0,1669.0,1431.0,1113.0,953.66,715.25,,,,,,,,,,,,,,,,,,,,,,,,
2023-06-24,2549.0,2583.0,2336.0,2368.0,2230.0,2260.0,1911.0,1937.0,1487.0,1507.0,1274.0,1291.0,1908.0,1749.0,1670.0,1431.0,1113.0,954.16,715.62,,,,,,,,,,,,,,,,,,,,,,,,
2023-06-25,2537.0,2560.0,2326.0,2347.0,2220.0,2240.0,1903.0,1920.0,1480.0,1493.0,1269.0,1280.0,1909.0,1750.0,1670.0,1432.0,1113.0,954.41,715.81,,,,,,,,,,,,,,,,,,,,,,,,
2023-06-26,2543.0,2566.0,2331.0,2352.0,2225.0,2245.0,1907.0,1924.0,1483.0,1497.0,1271.0,1283.0,1920.0,1760.0,1680.0,1440.0,1120.0,960.13,720.1,,,,,,,,,,,,,,,,,,,,,,,,
2023-06-27,2560.0,2583.0,2347.0,2368.0,2240.0,2260.0,1920.0,1937.0,1493.0,1507.0,1280.0,1291.0,1913.0,1753.0,1674.0,1434.0,1116.0,956.32,717.24,,,,,,,,,,,,,,,,,,,,,,,,
2023-06-29,2606.0,2629.0,2389.0,2410.0,2280.0,2300.0,1954.0,1971.0,1520.0,1533.0,1303.0,1314.0,1893.0,1735.0,1656.0,1420.0,1104.0,946.5,709.88,,,,,,,,,,,,,,,,,,,,,,,,
2023-06-30,2577.0,2600.0,2362.0,2383.0,2255.0,2275.0,1933.0,1950.0,1503.0,1517.0,1289.0,1300.0,1893.0,1735.0,1656.0,1419.0,1104.0,946.29,709.72,,,,,,,,,,,,,,,,,,,,,,,,
2023-07-01,2600.0,2623.0,2383.0,2404.0,2275.0,2295.0,1950.0,1967.0,1517.0,1530.0,1300.0,1311.0,1908.0,1749.0,1670.0,1431.0,1113.0,954.09,715.57,,,,,,,,,,,,,,,,,,,,,,,,
2023-07-02,2560.0,2583.0,2347.0,2368.0,2240.0,2260.0,1920.0,1937.0,1493.0,1507.0,1280.0,1291.0,1908.0,1749.0,1670.0,1431.0,1113.0,954.09,715.57,,,,,,,,,,,,,,,,,,,,,,,,
2023-07-03,2526.0,2549.0,2315.0,2336.0,2210.0,2230.0,1894.0,1911.0,1473.0,1487.0,1263.0,1274.0,1901.0,1743.0,1664.0,1426.0,1109.0,950.69,713.02,,,,,,,,,,,,,,,,,,,,,,,,
2023-07-04,2531.0,2543.0,2320.0,2331.0,2215.0,2225.0,1899.0,1907.0,1477.0,1483.0,1266.0,1271.0,1919.0,1759.0,1679.0,1439.0,1119.0,959.32,719.49,,,,,,,,,,,,,,,,,,,,,,,,
2023-07-05,2526.0,2537.0,2315.0,2326.0,2210.0,2220.0,1894.0,1903.0,1473.0,1480.0,1263.0,1269.0,1918.0,1758.0,1678.0,1438.0,1119.0,958.86,719.15,,,,,,,,,,,,,,,,,,,,,,,,
2023-07-06,2480.0,2503.0,2273.0,2294.0,2170.0,2190.0,1860.0,1877.0,1447.0,1460.0,1240.0,1251.0,1909.0,1750.0,1670.0,1432.0,1113.0,954.32,715.75,,,,,,,,,,,,,,,,,,,,,,,,
2023-07-07,2474.0,2486.0,2268.0,2279.0,2165.0,2175.0,1856.0,1864.0,1443.0,1450.0,1237.0,1243.0,1904.0,1745.0,1666.0,1428.0,1111.0,951.91,713.93,,,,,,,,,,,,,,,,,,,,,,,,
2023-07-08,2474.0,2486.0,2268.0,2279.0,2165.0,2175.0,1856.0,1864.0,1443.0,1450.0,1237.0,1243.0,1910.0,1751.0,1671.0,1432.0,1114.0,954.96,716.22,,,,,,,,,,,,,,,,,,,,,,,,
2023-07-09,2486.0,2497.0,2279.0,2289.0,2175.0,2185.0,1864.0,1873.0,1450.0,1457.0,1243.0,1249.0,1910.0,1751.0,1671.0,1432.0,1114.0,954.93,716.2,,,,,,,,,,,,,,,,,,,,,,,,
2023-07-10,2463.0,2474.0,2258.0,2268.0,2155.0,2165.0,1847.0,1856.0,1437.0,1443.0,1231.0,1237.0,1910.0,1751.0,1671.0,1433.0,1114.0,955.08,716.32,,,,,,,,,,,,,,,,,,,,,,,,
2023-07-11,2469.0,2491.0,2263.0,2284.0,2160.0,2180.0,1851.0,1869.0,1440.0,1453.0,1234.0,1246.0,1925.0,1765.0,1685.0,1444.0,1123.0,962.69,722.02,,,,,,,,,,,,,,,,,,,,,,,,
2023-07-12,2480.0,2491.0,2273.0,2284.0,2170.0,2180.0,1860.0,1869.0,1447.0,1453.0,1240.0,1246.0,1923.0,1763.0,1683.0,1443.0,1122.0,961.7,721.28,,,,,,,,,,,,,,,,,,,,,,,,
2023-07-13,2491.0,2514.0,2284.0,2305.0,2180.0,2200.0,1869.0,1886.0,1453.0,1467.0,1246.0,1257.0,1944.0,1782.0,1701.0,1458.0,1134.0,972.07,729.06,,,,,,,,,,,,,,,,,,,,,,,,
2023-07-14,2497.0,2509.0,2289.0,2300.0,2185.0,2195.0,1873.0,1881.0,1457.0,1463.0,1249.0,1254.0,1944.0,1782.0,1701.0,1458.0,1134.0,971.79,728.84,,,,,,,,,,,,,,,,,,,,,,,,
2023-07-15,2497.0,2509.0,2289.0,2300.0,2185.0,2195.0,1873.0,1881.0,1457.0,1463.0,1249.0,1254.0,1943.0,1781.0,1700.0,1457.0,1133.0,971.26,728.45,,,,,,,,,,,,,,,,,,,,,,,,
2023-07-16,2480.0,2491.0,2273.0,2284.0,2170.0,2180.0,1860.0,1869.0,1447.0,1453.0,1240.0,1246.0,1939.0,1778.0,1697.0,1455.0,1131.0,969.68,727.26,,,,,,,,,,,,,,,,,,,,,,,,
2023-07-17,2474.0,2486.0,2268.0,2279.0,2165.0,2175.0,1856.0,1864.0,1443.0,1450.0,1237.0,1243.0,1947.0,1784.0,1703.0,1460.0,1136.0,973.34,730.01,,,,,,,,,,,,,,,,,,,,,,,,
2023-07-18,2463.0,2474.0,2258.0,2268.0,2155.0,2165.0,1847.0,1856.0,1437.0,1443.0,1231.0,1237.0,1948.0,1786.0,1705.0,1461.0,1136.0,974.01,730.51,,,,,,,,,,,,,,,,,,,,,,,,
2023-07-19,2463.0,2474.0,2258.0,2268.0,2155.0,2165.0,1847.0,1856.0,1437.0,1443.0,1231.0,1237.0,1964.0,1801.0,1719.0,1473.0,1146.0,982.19,736.64,,,,,,,,,,,,,,,,,,,,,,,,
2023-07-20,2457.0,2469.0,2252.0,2263.0,2150.0,2160.0,1843.0,1851.0,1433.0,1440.0,1229.0,1234.0,1962.0,1798.0,1716.0,1471.0,1144.0,980.77,735.58,,,,,,,,,,,,,,,,,,,,,,,,
2023-07-21,2457.0,2469.0,2252.0,2263.0,2150.0,2160.0,1843.0,1851.0,1433.0,1440.0,1229.0,1234.0,1945.0,1783.0,1702.0,1459.0,1134.0,972.34,729.26,,,,,,,,,,,,,,,,,,,,,,,,
2023-07-22,2463.0,2474.0,2258.0,2268.0,2155.0,2165.0,1847.0,1856.0,1437.0,1443.0,1231.0,1237.0,1949.0,1787.0,1706.0,1462.0,1137.0,974.55,730.92,,,,,,,,,,,,,,,,,,,,,,,,
2023-07-23,2463.0,2474.0,2258.0,2268.0,2155.0,2165.0,1847.0,1856.0,1437.0,1443.0,1231.0,1237.0,1949.0,1787.0,1706.0,1462.0,1137.0,974.55,730.92,,,,,,,,,,,,,,,,,,,,,,,,
2023-07-24,2463.0,2474.0,2258.0,2268.0,2155.0,2165.0,1847.0,1856.0,1437.0,1443.0,1231.0,1237.0,1953.0,1790.0,1709.0,1465.0,1139.0,976.59,732.45,,,,,,,,,,,,,,,,,,,,,,,,
2023-07-25,2457.0,2464.0,2252.0,2259.0,2150.0,2156.0,1843.0,1848.0,1433.0,1437.0,1229.0,1232.0,1952.0,1789.0,1708.0,1464.0,1138.0,975.83,731.88,,,,,,,,,,,,,,,,,,,,,,,,
2023-07-26,2451.0,2463.0,2247.0,2258.0,2145.0,2155.0,1839.0,1847.0,1430.0,1437.0,1226.0,1231.0,1961.0,1798.0,1716.0,1471.0,1144.0,980.69,735.52,,,,,,,,,,,,,,,,,,,,,,,,
2023-07-27,2466.0,2478.0,2261.0,2271.0,2158.0,2168.0,1850.0,1858.0,1439.0,1445.0,1233.0,1239.0,1962.0,1799.0,1717.0,1472.0,1145.0,981.15,735.86,,,,,,,,,,,,,,,,,,,,,,,,
2023-07-28,2451.0,2463.0,2247.0,2258.0,2145.0,2155.0,1839.0,1847.0,1430.0,1437.0,1226.0,1231.0,1940.0,1778.0,1698.0,1455.0,1132.0,970.0,727.51,,,,,,,,,,,,,,,,,,,,,,,,
2023-07-29,2451.0,2463.0,2247.0,2258.0,2145.0,2155.0,1839.0,1847.0,1430.0,1437.0,1226.0,1231.0,1944.0,1782.0,1701.0,1458.0,1134.0,971.91,728.94,,,,,,,,,,,,,,,,,,,,,,,,
2023-07-30,2446.0,2457.0,2242.0,2252.0,2140.0,2150.0,1834.0,1843.0,1427.0,1433.0,1223.0,1229.0,1944.0,1782.0,1701.0,1458.0,1134.0,971.91,728.94,,,,,,,,,,,,,,,,,,,,,,,,
2023-07-31,2450.0,2457.0,2246.0,2252.0,2144.0,2150.0,1838.0,1843.0,1429.0,1433.0,1225.0,1229.0,1946.0,1784.0,1703.0,1460.0,1135.0,973.04,729.78,,,,,,,,,,,,,,,,,,,,,,,,
2023-08-01,2457.0,2469.0,2252.0,2263.0,2150.0,2160.0,1843.0,1851.0,1433.0,1440.0,1229.0,1234.0,1945.0,1783.0,1702.0,1459.0,1135.0,972.51,729.38,,,,,,,,,,,,,,,,,,,,,,,,
2023-08-02,2451.0,2463.0,2247.0,2258.0,2145.0,2155.0,1839.0,1847.0,1430.0,1437.0,1226.0,1231.0,1939.0,1777.0,1697.0,1454.0,1131.0,969.48,727.11,,,,,,,,,,,,,,,,,,,,,,,,
2023-08-03,2451.0,2463.0,2247.0,2258.0,2145.0,2155.0,1839.0,1847.0,1430.0,1437.0,1226.0,1231.0,1924.0,1764.0,1683.0,1443.0,1122.0,961.95,721.47,,,,,,,,,,,,,,,,,,,,,,,,
2023-08-04,2455.0,2464.0,2250.0,2259.0,2148.0,2156.0,1841.0,1848.0,1432.0,1437.0,1227.0,1232.0,1924.0,1763.0,1683.0,1443.0,1122.0,961.84,721.39,,,,,,,,,,,,,,,,,,,,,,,,
2023-08-05,2463.0,2474.0,2258.0,2268.0,2155.0,2165.0,1847.0,1856.0,1437.0,1443.0,1231.0,1237.0,1931.0,1770.0,1690.0,1448.0,1126.0,965.46,724.1,,,,,,,,,,,,,,,,,,,,,,,,
2023-08-06,2457.0,2466.0,2252.0,2261.0,2150.0,2158.0,1843.0,1850.0,1433.0,1439.0,1229.0,1233.0,1931.0,1770.0,1690.0,1448.0,1126.0,965.46,724.1,,,,,,,,,,,,,,,,,,,,,,,,
2023-08-07,2451.0,2463.0,2247.0,2258.0,2145.0,2155.0,1839.0,1847.0,1430.0,1437.0,1226.0,1231.0,1924.0,1763.0,1683.0,1443.0,1122.0,961.9,721.43,,,,,,,,,,,,,,,,,,,,,,,,
2023-08-08,2451.0,2463.0,2247.0,2258.0,2145.0,2155.0,1839.0,1847.0,1430.0,1437.0,1226.0,1231.0,1923.0,1762.0,1682.0,1442.0,1122.0,961.35,721.02,,,,,,,,,,,,,,,,,,,,,,,,
2023-08-09,2457.0,2469.0,2252.0,2263.0,2150.0,2160.0,1843.0,1851.0,1433.0,1440.0,1229.0,1234.0,1916.0,1757.0,1677.0,1437.0,1118.0,958.2,718.66,,,,,,,,,,,,,,,,,,,,,,,,
2023-08-10,2462.0,2466.0,2257.0,2261.0,2154.0,2158.0,1846.0,1850.0,1436.0,1439.0,1231.0,1233.0,1907.0,1748.0,1669.0,1430.0,1112.0,953.53,715.15,,,,,,,,,,,,,,,,,,,,,,,,
2023-08-11,2486.0,2497.0,2279.0,2289.0,2175.0,2185.0,1864.0,1873.0,1450.0,1457.0,1243.0,1249.0,1902.0,1743.0,1664.0,1426.0,1109.0,950.89,713.17,,,,,,,,,,,,,,,,,,,,,,,,
2023-08-12,2651.0,2674.0,2430.0,2451.0,2320.0,2340.0,1989.0,2006.0,1547.0,1560.0,1326.0,1337.0,1901.0,1743.0,1664.0,1426.0,1109.0,950.7,713.03,,,,,,,,,,,,,,,,,,,,,,,,
2023-08-13,2686.0,2720.0,2462.0,2493.0,2350.0,2380.0,2014.0,2040.0,1567.0,1587.0,1343.0,1360.0,1902.0,1743.0,1664.0,1426.0,1109.0,950.81,713.11,,,,,,,,,,,,,,,,,,,,,,,,
2023-08-14,2594.0,2629.0,2378.0,2410.0,2270.0,2300.0,1946.0,1971.0,1513.0,1533.0,1297.0,1314.0,1902.0,1743.0,1664.0,1426.0,1109.0,950.95,713.21,,,,,,,,,,,,,,,,,,,,,,,,
2023-08-15,2554.0,2577.0,2341.0,2362.0,2235.0,2255.0,1916.0,1933.0,1490.0,1503.0,1277.0,1289.0,1892.0,1735.0,1656.0,1419.0,1104.0,946.21,709.66,,,,,,,,,,,,,,,,,,,,,,,,
2023-08-16,2549.0,2571.0,2336.0,2357.0,2230.0,2250.0,1911.0,1929.0,1487.0,1500.0,1274.0,1286.0,1894.0,1736.0,1657.0,1420.0,1105.0,946.94,710.21,,,,,,,,,,,,,,,,,,,,,,,,
2023-08-17,2549.0,2571.0,2336.0,2357.0,2230.0,2250.0,1911.0,1929.0,1487.0,1500.0,1274.0,1286.0,1877.0,1721.0,1643.0,1408.0,1095.0,938.67,704.01,,,,,,,,,,,,,,,,,,,,,,,,
2023-08-18,2577.0,2600.0,2362.0,2383.0,2255.0,2275.0,1933.0,1950.0,1503.0,1517.0,1289.0,1300.0,1880.0,1723.0,1645.0,1410.0,1096.0,939.78,704.84,,,,,,,,,,,,,,,,,,,,,,,,
2023-08-19,2549.0,2571.0,2336.0,2357.0,2230.0,2250.0,1911.0,1929.0,1487.0,1500.0,1274.0,1286.0,1875.0,1718.0,1640.0,1406.0,1093.0,937.26,702.95,,,,,,,,,,,,,,,,,,,,,,,,
2023-08-20,2549.0,2571.0,2336.0,2357.0,2230.0,2250.0,1911.0,1929.0,1487.0,1500.0,1274.0,1286.0,1875.0,1719.0,1641.0,1406.0,1094.0,937.62,703.22,,,,,,,,,,,,,,,,,,,,,,,,
2023-08-21,2537.0,2560.0,2326.0,2347.0,2220.0,2240.0,1903.0,1920.0,1480.0,1493.0,1269.0,1280.0,1877.0,1721.0,1642.0,1408.0,1095.0,938.51,703.88,,,,,,,,,,,,,,,,,,,,,,,,
2023-08-22,2560.0,2583.0,2347.0,2368.0,2240.0,2260.0,1920.0,1937.0,1493.0,1507.0,1280.0,1291.0,1891.0,1733.0,1654.0,1418.0,1103.0,945.39,709.04,,,,,,,,,,,,,,,,,,,,,,,,
2023-08-23,2589.0,2611.0,2373.0,2394.0,2265.0,2285.0,1941.0,1959.0,1510.0,1523.0,1294.0,1306.0,1891.0,1733.0,1655.0,1418.0,1103.0,945.42,709.07,,,,,,,,,,,,,,,,,,,,,,,,
2023-08-24,2583.0,2606.0,2368.0,2389.0,2260.0,2280.0,1937.0,1954.0,1507.0,1520.0,1291.0,1303.0,1903.0,1745.0,1665.0,1427.0,1110.0,951.58,713.69,,,,,,,,,,,,,,,,,,,,,,,,
2023-08-25,2583.0,2606.0,2368.0,2389.0,2260.0,2280.0,1937.0,1954.0,1507.0,1520.0,1291.0,1303.0,1902.0,1744.0,1664.0,1427.0,1110.0,951.02,713.26,,,,,,,,,,,,,,,,,,,,,,,,
2023-08-26,2577.0,2600.0,2362.0,2383.0,2255.0,2275.0,1933.0,1950.0,1503.0,1517.0,1289.0,1300.0,1900.0,1741.0,1662.0,1425.0,1108.0,949.8,712.35,,,,,,,,,,,,,,,,,,,,,,,,
2023-08-27,2566.0,2589.0,2352.0,2373.0,2245.0,2265.0,1924.0,1941.0,1497.0,1510.0,1283.0,1294.0,1900.0,1741.0,1662.0,1425.0,1108.0,949.8,712.35,,,,,,,,,,,,,,,,,,,,,,,,
2023-08-28,2531.0,2554.0,2320.0,2341.0,2215.0,2235.0,1899.0,1916.0,1477.0,1490.0,1266.0,1277.0,1902.0,1743.0,1664.0,1426.0,1109.0,950.94,713.21,,,,,,,,,,,,,,,,,,,,,,,,
2023-08-29,2503.0,2526.0,2294.0,2315.0,2190.0,2210.0,1877.0,1894.0,1460.0,1473.0,1251.0,1263.0,1913.0,1753.0,1673.0,1434.0,1116.0,956.26,717.2,,,,,,,,,,,,,,,,,,,,,,,,
2023-08-30,2509.0,2531.0,2300.0,2320.0,2195.0,2215.0,1881.0,1899.0,1463.0,1477.0,1254.0,1266.0,1928.0,1767.0,1687.0,1446.0,1125.0,963.88,722.91,,,,,,,,,,,,,,,,,,,,,,,,
2023-08-31,2503.0,2526.0,2294.0,2315.0,2190.0,2210.0,1877.0,1894.0,1460.0,1473.0,1251.0,1263.0,1933.0,1772.0,1691.0,1450.0,1127.0,966.33,724.75,,,,,,,,,,,,,,,,,,,,,,,,
2023-09-01,2509.0,2531.0,2300.0,2320.0,2195.0,2215.0,1881.0,1899.0,1463.0,1477.0,1254.0,1266.0,1930.0,1769.0,1689.0,1448.0,1126.0,965.04,723.78,,,,,,,,,,,,,,,,,,,,,,,,
2023-09-02,2509.0,2531.0,2300.0,2320.0,2195.0,2215.0,1881.0,1899.0,1463.0,1477.0,1254.0,1266.0,1928.0,1767.0,1687.0,1446.0,1125.0,963.87,722.91,,,,,,,,,,,,,,,,,,,,,,,,
2023-09-03,2520.0,2543.0,2310.0,2331.0,2205.0,2225.0,1890.0,1907.0,1470.0,1483.0,1260.0,1271.0,1928.0,1767.0,1687.0,1446.0,1125.0,963.87,722.91,,,,,,,,,,,,,,,,,,,,,,,,
2023-09-04,2520.0,2531.0,2310.0,2320.0,2205.0,2215.0,1890.0,1899.0,1470.0,1477.0,1260.0,1266.0,1931.0,1770.0,1689.0,1448.0,1126.0,965.29,723.97,,,,,,,,,,,,,,,,,,,,,,,,
2023-09-05,2509.0,2520.0,2300.0,2310.0,2195.0,2205.0,1881.0,1890.0,1463.0,1470.0,1254.0,1260.0,1922.0,1762.0,1682.0,1442.0,1121.0,961.12,720.85,,,,,,,,,,,,,,,,,,,,,,,,
2023-09-06,2480.0,2514.0,2273.0,2305.0,2170.0,2200.0,1860.0,1886.0,1447.0,1467.0,1240.0,1257.0,1913.0,1754.0,1674.0,1435.0,1116.0,956.5,717.38,,,,,,,,,,,,,,,,,,,,,,,,
2023-09-07,2514.0,2526.0,2305.0,2315.0,2200.0,2210.0,1886.0,1894.0,1467.0,1473.0,1257.0,1263.0,1907.0,1748.0,1668.0,1430.0,1112.0,953.38,715.04,,,,,,,,,,,,,,,,,,,,,,,,
2023-09-08,2520.0,2531.0,2310.0,2320.0,2205.0,2215.0,1890.0,1899.0,1470.0,1477.0,1260.0,1266.0,1912.0,1753.0,1673.0,1434.0,1115.0,955.91,716.94,,,,,,,,,,,,,,,,,,,,,,,,
2023-09-09,2503.0,2514.0,2294.0,2305.0,2190.0,2200.0,1877.0,1886.0,1460.0,1467.0,1251.0,1257.0,1904.0,1745.0,1666.0,1428.0,1110.0,951.83,713.87,,,,,,,,,,,,,,,,,,,,,,,,
2023-09-10,2503.0,2514.0,2294.0,2305.0,2190.0,2200.0,1877.0,1886.0,1460.0,1467.0,1251.0,1257.0,1904.0,1745.0,1666.0,1428.0,1111.0,952.03,714.02,,,,,,,,,,,,,,,,,,,,,,,,
2023-09-11,2503.0,2514.0,2294.0,2305.0,2190.0,2200.0,1877.0,1886.0,1460.0,1467.0,1251.0,1257.0,1912.0,1752.0,1673.0,1434.0,1115.0,955.83,716.87,,,,,,,,,,,,,,,,,,,,,,,,
2023-09-12,2497.0,2509.0,2289.0,2300.0,2185.0,2195.0,1873.0,1881.0,1457.0,1463.0,1249.0,1254.0,1905.0,1746.0,1667.0,1429.0,1111.0,952.53,714.4,,,,,,,,,,,,,,,,,,,,,,,,
2023-09-13,2503.0,2514.0,2294.0,2305.0,2190.0,2200.0,1877.0,1886.0,1460.0,1467.0,1251.0,1257.0,1901.0,1742.0,1663.0,1426.0,1109.0,950.44,712.83,,,,,,,,,,,,,,,,,,,,,,,,
2023-09-14,2491.0,2503.0,2284.0,2294.0,2180.0,2190.0,1869.0,1877.0,1453.0,1460.0,1246.0,1251.0,1896.0,1738.0,1659.0,1422.0,1106.0,948.03,711.03,,,,,,,,,,,,,,,,,,,,,,,,
2023-09-15,2491.0,2503.0,2284.0,2294.0,2180.0,2190.0,1869.0,1877.0,1453.0,1460.0,1246.0,1251.0,1909.0,1750.0,1670.0,1432.0,1113.0,954.36,715.77,,,,,,,,,,,,,,,,,,,,,,,,
2023-09-16,2497.0,2509.0,2289.0,2300.0,2185.0,2195.0,1873.0,1881.0,1457.0,1463.0,1249.0,1254.0,1916.0,1756.0,1676.0,1437.0,1117.0,957.78,718.34,,,,,,,,,,,,,,,,,,,,,,,,
2023-09-17,2480.0,2491.0,2273.0,2284.0,2170.0,2180.0,1860.0,1869.0,1447.0,1453.0,1240.0,1246.0,1907.0,1748.0,1668.0,1430.0,1112.0,953.3,714.97,,,,,,,,,,,,,,,,,,,,,,,,
2023-09-18,2474.0,2486.0,2268.0,2279.0,2165.0,2175.0,1856.0,1864.0,1443.0,1450.0,1237.0,1243.0,1913.0,1754.0,1674.0,1435.0,1116.0,956.62,717.47,,,,,,,,,,,,,,,,,,,,,,,,
2023-09-19,2509.0,2531.0,2300.0,2320.0,2195.0,2215.0,1881.0,1899.0,1463.0,1477.0,1254.0,1266.0,1923.0,1763.0,1683.0,1442.0,1122.0,961.57,721.18,,,,,,,,,,,,,,,,,,,,,,,,
2023-09-20,2509.0,2531.0,2300.0,2320.0,2195.0,2215.0,1881.0,1899.0,1463.0,1477.0,1254.0,1266.0,1916.0,1757.0,1677.0,1437.0,1118.0,958.14,718.61,,,,,,,,,,,,,,,,,,,,,,,,
2023-09-21,2531.0,2543.0,2320.0,2331.0,2215.0,2225.0,1899.0,1907.0,1477.0,1483.0,1266.0,1271.0,1911.0,1752.0,1672.0,1433.0,1115.0,955.47,716.6,,,,,,,,,,,,,,,,,,,,,,,,
2023-09-22,2514.0,2537.0,2305.0,2326.0,2200.0,2220.0,1886.0,1903.0,1467.0,1480.0,1257.0,1269.0,1914.0,1755.0,1675.0,1436.0,1117.0,957.24,717.93,,,,,,,,,,,,,,,,,,,,,,,,
2023-09-23,2522.0,2531.0,2312.0,2320.0,2207.0,2215.0,1892.0,1899.0,1471.0,1477.0,1261.0,1266.0,1913.0,1754.0,1674.0,1435.0,1116.0,956.51,717.38,,,,,,,,,,,,,,,,,,,,,,,,
2023-09-24,2514.0,2526.0,2305.0,2315.0,2200.0,2210.0,1886.0,1894.0,1467.0,1473.0,1257.0,1263.0,1913.0,1754.0,1674.0,1435.0,1116.0,956.7,717.53,,,,,,,,,,,,,,,,,,,,,,,,
2023-09-25,2519.0,2526.0,2309.0,2315.0,2204.0,2210.0,1889.0,1894.0,1469.0,1473.0,1259.0,1263.0,1909.0,1750.0,1671.0,1432.0,1114.0,954.67,716.01,,,,,,,,,,,,,,,,,,,,,,,,
2023-09-26,2509.0,2520.0,2300.0,2310.0,2195.0,2205.0,1881.0,1890.0,1463.0,1470.0,1254.0,1260.0,1903.0,1744.0,1665.0,1427.0,1110.0,951.3,713.48,,,,,,,,,,,,,,,,,,,,,,,,
2023-09-27,2514.0,2526.0,2305.0,2315.0,2200.0,2210.0,1886.0,1894.0,1467.0,1473.0,1257.0,1263.0,1884.0,1727.0,1648.0,1413.0,1099.0,941.78,706.34,,,,,,,,,,,,,,,,,,,,,,,,
2023-09-28,2503.0,2514.0,2294.0,2305.0,2190.0,2200.0,1877.0,1886.0,1460.0,1467.0,1251.0,1257.0,1860.0,1705.0,1627.0,1395.0,1085.0,929.91,697.44,,,,,,,,,,,,,,,,,,,,,,,,
2023-09-29,2497.0,2509.0,2289.0,2300.0,2185.0,2195.0,1873.0,1881.0,1457.0,1463.0,1249.0,1254.0,1855.0,1701.0,1624.0,1392.0,1082.0,927.73,695.8,,,,,,,,,,,,,,,,,,,,,,,,
2023-09-30,2474.0,2486.0,2268.0,2279.0,2165.0,2175.0,1856.0,1864.0,1443.0,1450.0,1237.0,1243.0,1835.0,1682.0,1605.0,1376.0,1070.0,917.27,687.95,,,,,,,,,,,,,,,,,,,,,,,,
2023-10-01,2463.0,2474.0,2258.0,2268.0,2155.0,2165.0,1847.0,1856.0,1437.0,1443.0,1231.0,1237.0,1835.0,1682.0,1605.0,1376.0,1070.0,917.27,687.95,,,,,,,,,,,,,,,,,,,,,,,,
2023-10-02,2446.0,2457.0,2242.0,2252.0,2140.0,2150.0,1834.0,1843.0,1427.0,1433.0,1223.0,1229.0,1830.0,1678.0,1602.0,1373.0,1068.0,915.12,686.34,,,,,,,,,,,,,,,,,,,,,,,,
2023-10-03,2440.0,2451.0,2237.0,2247.0,2135.0,2145.0,1830.0,1839.0,1423.0,1430.0,1220.0,1226.0,1810.0,1659.0,1583.0,1357.0,1056.0,904.77,678.58,,,,,,,,,,,,,,,,,,,,,,,,
2023-10-04,2457.0,2469.0,2252.0,2263.0,2150.0,2160.0,1843.0,1851.0,1433.0,1440.0,1229.0,1234.0,1809.0,1659.0,1583.0,1357.0,1056.0,904.72,678.54,,,,,,,,,,,,,,,,,,,,,,,,
2023-10-05,2451.0,2463.0,2247.0,2258.0,2145.0,2155.0,1839.0,1847.0,1430.0,1437.0,1226.0,1231.0,1806.0,1655.0,1580.0,1354.0,1053.0,902.88,677.16,,,,,,,,,,,,,,,,,,,,,,,,
2023-10-06,2451.0,2463.0,2247.0,2258.0,2145.0,2155.0,1839.0,1847.0,1430.0,1437.0,1226.0,1231.0,1799.0,1649.0,1574.0,1349.0,1049.0,899.56,674.67,,,,,,,,,,,,,,,,,,,,,,,,
2023-10-07,2463.0,2474.0,2258.0,2268.0,2155.0,2165.0,1847.0,1856.0,1437.0,1443.0,1231.0,1237.0,1814.0,1663.0,1587.0,1360.0,1058.0,906.9,680.18,,,,,,,,,,,,,,,,,,,,,,,,
2023-10-08,2480.0,2503.0,2273.0,2294.0,2170.0,2190.0,1860.0,1877.0,1447.0,1460.0,1240.0,1251.0,1814.0,1663.0,1587.0,1360.0,1058.0,906.9,680.18,,,,,,,,,,,,,,,,,,,,,,,,
2023-10-09,2503.0,2526.0,2294.0,2315.0,2190.0,2210.0,1877.0,1894.0,1460.0,1473.0,1251.0,1263.0,1839.0,1686.0,1609.0,1379.0,1073.0,919.57,689.68,,,,,,,,,,,,,,,,,,,,,,,,
2023-10-10,2543.0,2566.0,2331.0,2352.0,2225.0,2245.0,1907.0,1924.0,1483.0,1497.0,1271.0,1283.0,1847.0,1693.0,1616.0,1385.0,1077.0,923.31,692.48,,,,,,,,,,,,,,,,,,,,,,,,
2023-10-11,2594.0,2617.0,2378.0,2399.0,2270.0,2290.0,1946.0,1963.0,1513.0,1527.0,1297.0,1309.0,1851.0,1697.0,1620.0,1388.0,1080.0,925.56,694.17,,,,,,,,,,,,,,,,,,,,,,,,
2023-10-12,2686.0,2709.0,2462.0,2483.0,2350.0,2370.0,2014.0,2031.0,1567.0,1580.0,1343.0,1354.0,1864.0,1709.0,1631.0,1398.0,1087.0,932.05,699.04,,,,,,,,,,,,,,,,,,,,,,,,
2023-10-13,2634.0,2657.0,2415.0,2436.0,2305.0,2325.0,1976.0,1993.0,1537.0,1550.0,1317.0,1329.0,1873.0,1717.0,1639.0,1405.0,1093.0,936.46,702.35,,,,,,,,,,,,,,,,,,,,,,,,
2023-10-14,2651.0,2674.0,2430.0,2451.0,2320.0,2340.0,1989.0,2006.0,1547.0,1560.0,1326.0,1337.0,1921.0,1761.0,1681.0,1440.0,1120.0,960.3,720.23,,,,,,,,,,,,,,,,,,,,,,,,
2023-10-15,2674.0,2697.0,2451.0,2472.0,2340.0,2360.0,2006.0,2023.0,1560.0,1573.0,1337.0,1349.0,1918.0,1758.0,1678.0,1438.0,1119.0,958.95,719.21,,,,,,,,,,,,,,,,,,,,,,,,
2023-10-16,2640.0,2663.0,2420.0,2441.0,2310.0,2330.0,1980.0,1997.0,1540.0,1553.0,1320.0,1331.0,1898.0,1740.0,1660.0,1423.0,1107.0,948.81,711.61,,,,,,,,,,,,,,,,,,,,,,,,
2023-10-17,2646.0,2669.0,2425.0,2446.0,2315.0,2335.0,1984.0,2001.0,1543.0,1557.0,1323.0,1334.0,1902.0,1744.0,1665.0,1427.0,1110.0,951.14,713.36,,,,,,,,,,,,,,,,,,,,,,,,
2023-10-18,2686.0,2709.0,2462.0,2483.0,2350.0,2370.0,2014.0,2031.0,1567.0,1580.0,1343.0,1354.0,1921.0,1761.0,1681.0,1440.0,1120.0,960.32,720.24,,,,,,,,,,,,,,,,,,,,,,,,
2023-10-19,2686.0,2709.0,2462.0,2483.0,2350.0,2370.0,2014.0,2031.0,1567.0,1580.0,1343.0,1354.0,1935.0,1774.0,1693.0,1451.0,1129.0,967.36,725.52,,,,,,,,,,,,,,,,,,,,,,,,
2023-10-20,2749.0,2771.0,2520.0,2540.0,2405.0,2425.0,2061.0,2079.0,1603.0,1617.0,1374.0,1386.0,1969.0,1805.0,1723.0,1477.0,1149.0,984.6,738.45,,,,,,,,,,,,,,,,,,,,,,,,
2023-10-21,2760.0,2783.0,2530.0,2551.0,2415.0,2435.0,2070.0,2087.0,1610.0,1623.0,1380.0,1391.0,1965.0,1802.0,1720.0,1474.0,1147.0,982.72,737.04,,,,,,,,,,,,,,,,,,,,,,,,
2023-10-22,2754.0,2777.0,2525.0,2546.0,2410.0,2430.0,2066.0,2083.0,1607.0,1620.0,1377.0,1389.0,1960.0,1797.0,1715.0,1470.0,1143.0,979.95,734.96,,,,,,,,,,,,,,,,,,,,,,,,
2023-10-23,2800.0,2834.0,2567.0,2598.0,2450.0,2480.0,2100.0,2126.0,1633.0,1653.0,1400.0,1417.0,1966.0,1803.0,1721.0,1475.0,1147.0,983.23,737.43,,,,,,,,,,,,,,,,,,,,,,,,
2023-10-24,2823.0,2846.0,2588.0,2609.0,2470.0,2490.0,2117.0,2134.0,1647.0,1660.0,1411.0,1423.0,1969.0,1805.0,1723.0,1476.0,1148.0,984.28,738.21,,,,,,,,,,,,,,,,,,,,,,,,
2023-10-25,2880.0,2914.0,2640.0,2671.0,2520.0,2550.0,2160.0,2186.0,1680.0,1700.0,1440.0,1457.0,1960.0,1797.0,1715.0,1470.0,1144.0,980.24,735.19,,,,,,,,,,,,,,,,,,,,,,,,
2023-10-26,2880.0,2926.0,2640.0,2682.0,2520.0,2560.0,2160.0,2194.0,1680.0,1707.0,1440.0,1463.0,1980.0,1815.0,1733.0,1485.0,1155.0,990.09,742.57,,,,,,,,,,,,,,,,,,,,,,,,
2023-10-27,2874.0,2897.0,2635.0,2656.0,2515.0,2535.0,2156.0,2173.0,1677.0,1690.0,1437.0,1449.0,1974.0,1810.0,1728.0,1481.0,1152.0,987.23,740.43,,,,,,,,,,,,,,,,,,,,,,,,
2023-10-28,2926.0,2949.0,2682.0,2703.0,2560.0,2580.0,2194.0,2211.0,1707.0,1720.0,1463.0,1474.0,1990.0,1824.0,1741.0,1492.0,1161.0,994.82,746.11,,,,,,,,,,,,,,,,,,,,,,,,
2023-10-29,2926.0,2949.0,2682.0,2703.0,2560.0,2580.0,2194.0,2211.0,1707.0,1720.0,1463.0,1474.0,1990.0,1824.0,1741.0,1492.0,1161.0,994.82,746.11,,,,,,,,,,,,,,,,,,,,,,,,
2023-10-30,2926.0,2949.0,2682.0,2703.0,2560.0,2580.0,2194.0,2211.0,1707.0,1720.0,1463.0,1474.0,1980.0,1815.0,1732.0,1485.0,1155.0,989.78,742.34,,,,,,,,,,,,,,,,,,,,,,,,
2023-10-31,2920.0,2943.0,2677.0,2698.0,2555.0,2575.0,2190.0,2207.0,1703.0,1717.0,1460.0,1471.0,1986.0,1820.0,1738.0,1489.0,1158.0,992.94,744.71,,,,,,,,,,,,,,,,,,,,,,,,
2023-11-01,2914.0,2937.0,2671.0,2692.0,2550.0,2570.0,2186.0,2203.0,1700.0,1713.0,1457.0,1469.0,1971.0,1807.0,1725.0,1478.0,1150.0,985.52,739.15,,,,,,,,,,,,,,,,,,,,,,,,
2023-11-02,2891.0,2926.0,2650.0,2682.0,2530.0,2560.0,2169.0,2194.0,1687.0,1707.0,1446.0,1463.0,1964.0,1800.0,1718.0,1473.0,1146.0,981.92,736.45,,,,,,,,,,,,,,,,,,,,,,,,
2023-11-03,2891.0,2914.0,2650.0,2671.0,2530.0,2550.0,2169.0,2186.0,1687.0,1700.0,1446.0,1457.0,1972.0,1808.0,1726.0,1479.0,1150.0,986.01,739.51,,,,,,,,,,,,,,,,,,,,,,,,
2023-11-04,2903.0,2926.0,2661.0,2682.0,2540.0,2560.0,2177.0,2194.0,1693.0,1707.0,1451.0,1463.0,1980.0,1815.0,1733.0,1485.0,1155.0,990.21,742.66,,,,,,,,,,,,,,,,,,,,,,,,
2023-11-05,2914.0,2937.0,2671.0,2692.0,2550.0,2570.0,2186.0,2203.0,1700.0,1713.0,1457.0,1469.0,1980.0,1815.0,1733.0,1485.0,1155.0,990.21,742.66,,,,,,,,,,,,,,,,,,,,,,,,
2023-11-06,2926.0,2949.0,2682.0,2703.0,2560.0,2580.0,2194.0,2211.0,1707.0,1720.0,1463.0,1474.0,1968.0,1804.0,1722.0,1476.0,1148.0,984.22,738.17,,,,,,,,,,,,,,,,,,,,,,,,
2023-11-07,2960.0,2983.0,2713.0,2734.0,2590.0,2610.0,2220.0,2237.0,1727.0,1740.0,1480.0,1491.0,1959.0,1796.0,1714.0,1469.0,1143.0,979.57,734.68,,,,,,,,,,,,,,,,,,,,,,,,
2023-11-08,2977.0,3000.0,2729.0,2750.0,2605.0,2625.0,2233.0,2250.0,1737.0,1750.0,1489.0,1500.0,1952.0,1789.0,1708.0,1464.0,1139.0,975.99,732.0,,,,,,,,,,,,,,,,,,,,,,,,
2023-11-09,2931.0,2954.0,2687.0,2708.0,2565.0,2585.0,2199.0,2216.0,1710.0,1723.0,1466.0,1477.0,1934.0,1773.0,1692.0,1451.0,1128.0,967.01,725.26,,,,,,,,,,,,,,,,,,,,,,,,
2023-11-10,2949.0,2971.0,2703.0,2724.0,2580.0,2600.0,2211.0,2229.0,1720.0,1733.0,1474.0,1486.0,1942.0,1780.0,1699.0,1457.0,1133.0,971.08,728.31,,,,,,,,,,,,,,,,,,,,,,,,
2023-11-11,2943.0,2954.0,2698.0,2708.0,2575.0,2585.0,2207.0,2216.0,1717.0,1723.0,1471.0,1477.0,1926.0,1766.0,1686.0,1445.0,1124.0,963.24,722.43,,,,,,,,,,,,,,,,,,,,,,,,
2023-11-12,2954.0,2966.0,2708.0,2719.0,2585.0,2595.0,2216.0,2224.0,1723.0,1730.0,1477.0,1483.0,1927.0,1766.0,1686.0,1445.0,1124.0,963.4,722.55,,,,,,,,,,,,,,,,,,,,,,,,
2023-11-13,2966.0,2989.0,2719.0,2740.0,2595.0,2615.0,2224.0,2241.0,1730.0,1743.0,1483.0,1494.0,1927.0,1766.0,1686.0,1445.0,1124.0,963.31,722.48,,,,,,,,,,,,,,,,,,,,,,,,
2023-11-14,2994.0,3017.0,2745.0,2766.0,2620.0,2640.0,2246.0,2263.0,1747.0,1760.0,1497.0,1509.0,1929.0,1769.0,1688.0,1447.0,1125.0,964.67,723.51,,,,,,,,,,,,,,,,,,,,,,,,
2023-11-15,3040.0,3063.0,2787.0,2808.0,2660.0,2680.0,2280.0,2297.0,1773.0,1787.0,1520.0,1531.0,1954.0,1791.0,1710.0,1466.0,1140.0,977.13,732.85,,,,,,,,,,,,,,,,,,,,,,,,
2023-11-16,3051.0,3086.0,2797.0,2829.0,2670.0,2700.0,2289.0,2314.0,1780.0,1800.0,1526.0,1543.0,1951.0,1788.0,1707.0,1463.0,1138.0,975.49,731.62,,,,,,,,,,,,,,,,,,,,,,,,
2023-11-17,3063.0,3086.0,2808.0,2829.0,2680.0,2700.0,2297.0,2314.0,1787.0,1800.0,1531.0,1543.0,1971.0,1807.0,1725.0,1479.0,1150.0,985.67,739.26,,,,,,,,,,,,,,,,,,,,,,,,
2023-11-18,3074.0,3097.0,2818.0,2839.0,2690.0,2710.0,2306.0,2323.0,1793.0,1807.0,1537.0,1549.0,1969.0,1805.0,1723.0,1477.0,1148.0,984.4,738.3,,,,,,,,,,,,,,,,,,,,,,,,
2023-11-19,3097.0,3109.0,2839.0,2850.0,2710.0,2720.0,2323.0,2331.0,1807.0,1813.0,1549.0,1554.0,1969.0,1805.0,1723.0,1477.0,1149.0,984.67,738.5,,,,,,,,,,,,,,,,,,,,,,,,
2023-11-20,3103.0,3114.0,2844.0,2855.0,2715.0,2725.0,2327.0,2336.0,1810.0,1817.0,1551.0,1557.0,1964.0,1801.0,1719.0,1473.0,1146.0,982.19,736.65,,,,,,,,,,,,,,,,,,,,,,,,
2023-11-21,3143.0,3166.0,2881.0,2902.0,2750.0,2770.0,2357.0,2374.0,1833.0,1847.0,1571.0,1583.0,1975.0,1811.0,1729.0,1482.0,1152.0,987.75,740.81,,,,,,,,,,,,,,,,,,,,,,,,
2023-11-22,3183.0,3206.0,2918.0,2939.0,2785.0,2805.0,2387.0,2404.0,1857.0,1870.0,1591.0,1603.0,1985.0,1819.0,1737.0,1489.0,1158.0,992.41,744.31,,,,,,,,,,,,,,,,,,,,,,,,
2023-11-23,3097.0,3120.0,2839.0,2860.0,2710.0,2730.0,2323.0,2340.0,1807.0,1820.0,1549.0,1560.0,1982.0,1817.0,1734.0,1486.0,1156.0,990.87,743.16,,,,,,,,,,,,,,,,,,,,,,,,
2023-11-24,3114.0,3137.0,2855.0,2876.0,2725.0,2745.0,2336.0,2353.0,1817.0,1830.0,1557.0,1569.0,1978.0,1813.0,1731.0,1483.0,1154.0,988.94,741.71,,,,,,,,,,,,,,,,,,,,,,,,
2023-11-25,3137.0,3160.0,2876.0,2897.0,2745.0,2765.0,2353.0,2370.0,1830.0,1843.0,1569.0,1580.0,1990.0,1825.0,1742.0,1493.0,1161.0,995.22,746.42,,,,,,,,,,,,,,,,,,,,,,,,
2023-11-26,3166.0,3189.0,2902.0,2923.0,2770.0,2790.0,2374.0,2391.0,1847.0,1860.0,1583.0,1594.0,1991.0,1825.0,1742.0,1493.0,1161.0,995.32,746.49,,,,,,,,,,,,,,,,,,,,,,,,
2023-11-27,3189.0,3211.0,2923.0,2944.0,2790.0,2810.0,2391.0,2409.0,1860.0,1873.0,1594.0,1606.0,1994.0,1828.0,1745.0,1496.0,1163.0,997.2,747.9,,,,,,,,,,,,,,,,,,,,,,,,
2023-11-28,3189.0,3211.0,2923.0,2944.0,2790.0,2810.0,2391.0,2409.0,1860.0,1873.0,1594.0,1606.0,2000.0,1834.0,1750.0,1500.0,1167.0,1000.0,750.14,,,,,,,,,,,,,,,,,,,,,,,,
2023-11-29,3189.0,3211.0,2923.0,2944.0,2790.0,2810.0,2391.0,2409.0,1860.0,1873.0,1594.0,1606.0,2028.0,1859.0,1775.0,1521.0,1183.0,1014.0,760.68,,,,,,,,,,,,,,,,,,,,,,,,
2023-11-30,3206.0,3229.0,2939.0,2960.0,2805.0,2825.0,2404.0,2421.0,1870.0,1883.0,1603.0,1614.0,2032.0,1863.0,1778.0,1524.0,1185.0,1016.0,762.02,,,,,,,,,,,,,,,,,,,,,,,,
2023-12-01,3143.0,3166.0,2881.0,2902.0,2750.0,2770.0,2357.0,2374.0,1833.0,1847.0,1571.0,1583.0,2024.0,1855.0,1771.0,1518.0,1181.0,1012.0,758.94,,,,,,,,,,,,,,,,,,,,,,,,
2023-12-02,3177.0,3200.0,2912.0,2933.0,2780.0,2800.0,2383.0,2400.0,1853.0,1867.0,1589.0,1600.0,2054.0,1883.0,1797.0,1541.0,1198.0,1027.0,770.26,,,,,,,,,,,,,,,,,,,,,,,,
2023-12-03,3171.0,3194.0,2907.0,2928.0,2775.0,2795.0,2379.0,2396.0,1850.0,1863.0,1586.0,1597.0,2054.0,1883.0,1797.0,1541.0,1198.0,1027.0,770.26,,,,,,,,,,,,,,,,,,,,,,,,
2023-12-04,3166.0,3189.0,2902.0,2923.0,2770.0,2790.0,2374.0,2391.0,1847.0,1860.0,1583.0,1594.0,2059.0,1888.0,1802.0,1545.0,1201.0,1030.0,772.25,,,,,,,,,,,,,,,,,,,,,,,,
2023-12-05,3177.0,3200.0,2912.0,2933.0,2780.0,2800.0,2383.0,2400.0,1853.0,1867.0,1589.0,1600.0,2018.0,1850.0,1766.0,1513.0,1177.0,1009.0,756.73,,,,,,,,,,,,,,,,,,,,,,,,
2023-12-06,3171.0,3194.0,2907.0,2928.0,2775.0,2795.0,2379.0,2396.0,1850.0,1863.0,1586.0,1597.0,2014.0,1846.0,1762.0,1510.0,1175.0,1007.0,755.07,,,,,,,,,,,,,,,,,,,,,,,,
2023-12-07,3154.0,3177.0,2891.0,2912.0,2760.0,2780.0,2366.0,2383.0,1840.0,1853.0,1577.0,1589.0,2013.0,1846.0,1762.0,1510.0,1175.0,1007.0,755.06,,,,,,,,,,,,,,,,,,,,,,,,
2023-12-08,3154.0,3177.0,2891.0,2912.0,2760.0,2780.0,2366.0,2383.0,1840.0,1853.0,1577.0,1589.0,2014.0,1846.0,1762.0,1511.0,1175.0,1007.0,755.32,,,,,,,,,,,,,,,,,,,,,,,,
2023-12-09,3154.0,3177.0,2891.0,2912.0,2760.0,2780.0,2366.0,2383.0,1840.0,1853.0,1577.0,1589.0,1989.0,1823.0,1740.0,1491.0,1160.0,994.27,745.71,,,,,,,,,,,,,,,,,,,,,,,,
2023-12-10,3166.0,3189.0,2902.0,2923.0,2770.0,2790.0,2374.0,2391.0,1847.0,1860.0,1583.0,1594.0,1989.0,1824.0,1741.0,1492.0,1160.0,994.66,746.0,,,,,,,,,,,,,,,,,,,,,,,,
2023-12-11,3177.0,3189.0,2912.0,2923.0,2780.0,2790.0,2383.0,2391.0,1853.0,1860.0,1589.0,1594.0,1987.0,1821.0,1738.0,1490.0,1159.0,993.37,745.03,,,,,,,,,,,,,,,,,,,,,,,,
2023-12-12,3177.0,3200.0,2912.0,2933.0,2780.0,2800.0,2383.0,2400.0,1853.0,1867.0,1589.0,1600.0,1971.0,1807.0,1725.0,1479.0,1150.0,985.66,739.25,,,,,,,,,,,,,,,,,,,,,,,,
2023-12-13,3189.0,3200.0,2923.0,2933.0,2790.0,2800.0,2391.0,2400.0,1860.0,1867.0,1594.0,1600.0,1958.0,1795.0,1713.0,1469.0,1142.0,979.12,734.34,,,,,,,,,,,,,,,,,,,,,,,,
2023-12-14,3234.0,3257.0,2965.0,2986.0,2830.0,2850.0,2426.0,2443.0,1887.0,1900.0,1617.0,1629.0,2020.0,1851.0,1767.0,1515.0,1178.0,1010.0,757.42,,,,,,,,,,,,,,,,,,,,,,,,
2023-12-15,3269.0,3291.0,2996.0,3017.0,2860.0,2880.0,2451.0,2469.0,1907.0,1920.0,1634.0,1646.0,2029.0,1860.0,1776.0,1522.0,1184.0,1015.0,760.93,,,,,,,,,,,,,,,,,,,,,,,,
2023-12-16,3280.0,3303.0,3007.0,3028.0,2870.0,2890.0,2460.0,2477.0,1913.0,1927.0,1640.0,1651.0,2007.0,1840.0,1756.0,1506.0,1171.0,1004.0,752.76,,,,,,,,,,,,,,,,,,,,,,,,
2023-12-17,3286.0,3297.0,3012.0,3022.0,2875.0,2885.0,2464.0,2473.0,1917.0,1923.0,1643.0,1649.0,2483.0,2276.0,2173.0,1862.0,1449.0,1242.0,931.22,,,,,,,,,,,,,,,,,,,,,,,,
2023-12-18,3280.0,3291.0,3007.0,3017.0,2870.0,2880.0,2460.0,2469.0,1913.0,1920.0,1640.0,1646.0,2480.0,2273.0,2170.0,1860.0,1447.0,1240.0,929.97,,,,,,,,,,,,,,,,,,,,,,,,
2023-12-19,3291.0,3303.0,3017.0,3028.0,2880.0,2890.0,2469.0,2477.0,1920.0,1927.0,1646.0,1651.0,2483.0,2276.0,2173.0,1862.0,1448.0,1242.0,931.16,,,,,,,,,,,,,,,,,,,,,,,,
2023-12-20,3349.0,3371.0,3070.0,3090.0,2930.0,2950.0,2511.0,2529.0,1953.0,1967.0,1674.0,1686.0,2480.0,2273.0,2170.0,1860.0,1447.0,1240.0,929.97,,,,,,,,,,,,,,,,,,,,,,,,
2023-12-21,3406.0,3429.0,3122.0,3143.0,2980.0,3000.0,2554.0,2571.0,1987.0,2000.0,1703.0,1714.0,2021.0,1853.0,1769.0,1516.0,1179.0,1011.0,757.98,,,,,,,,,,,,,,,,,,,,,,,,
2023-12-22,3383.0,3406.0,3101.0,3122.0,2960.0,2980.0,2537.0,2554.0,1973.0,1987.0,1691.0,1703.0,2022.0,1853.0,1769.0,1516.0,1179.0,1011.0,758.18,,,,,,,,,,,,,,,,,,,,,,,,
2023-12-23,3446.0,3469.0,3159.0,3180.0,3015.0,3035.0,2584.0,2601.0,2010.0,2023.0,1723.0,1734.0,2048.0,1877.0,1792.0,1536.0,1194.0,1024.0,767.87,,,,,,,,,,,,,,,,,,,,,,,,
2023-12-24,3463.0,3486.0,3174.0,3195.0,3030.0,3050.0,2597.0,2614.0,2020.0,2033.0,1731.0,1743.0,2048.0,1877.0,1792.0,1536.0,1194.0,1024.0,767.87,,,,,,,,,,,,,,,,,,,,,,,,
2023-12-25,3486.0,3509.0,3195.0,3216.0,3050.0,3070.0,2614.0,2631.0,2033.0,2047.0,1743.0,1754.0,2045.0,1874.0,1789.0,1533.0,1193.0,1022.0,766.7,,,,,,,,,,,,,,,,,,,,,,,,
2023-12-26,3611.0,3646.0,3310.0,3342.0,3160.0,3190.0,2709.0,2734.0,2107.0,2127.0,1806.0,1823.0,2026.0,1857.0,1773.0,1520.0,1182.0,1013.0,759.74,,,,,,,,,,,,,,,,,,,,,,,,
2023-12-27,3737.0,3771.0,3426.0,3457.0,3270.0,3300.0,2803.0,2829.0,2180.0,2200.0,1869.0,1886.0,2045.0,1874.0,1789.0,1534.0,1193.0,1022.0,766.83,,,,,,,,,,,,,,,,,,,,,,,,
2023-12-28,3600.0,3657.0,3300.0,3352.0,3150.0,3200.0,2700.0,2743.0,2100.0,2133.0,1800.0,1829.0,2050.0,1880.0,1794.0,1538.0,1196.0,1025.0,768.9,,,,,,,,,,,,,,,,,,,,,,,,
2023-12-29,3509.0,3566.0,3216.0,3269.0,3070.0,3120.0,2631.0,2674.0,2047.0,2080.0,1754.0,1783.0,2063.0,1891.0,1805.0,1547.0,1203.0,1031.0,773.62,,,,,,,,,,,,,,,,,,,,,,,,
2023-12-30,3583.0,3640.0,3284.0,3337.0,3135.0,3185.0,2687.0,2730.0,2090.0,2123.0,1791.0,1820.0,2052.0,1881.0,1795.0,1539.0,1197.0,1026.0,769.36,,,,,,,,,,,,,,,,,,,,,,,,
2023-12-31,3589.0,3623.0,3290.0,3321.0,3140.0,3170.0,2691.0,2717.0,2093.0,2113.0,1794.0,1811.0,2052.0,1881.0,1795.0,1539.0,1197.0,1026.0,769.36,,,,,,,,,,,,,,,,,,,,,,,,
2024-01-01,3589.0,3623.0,3290.0,3321.0,3140.0,3170.0,2691.0,2717.0,2093.0,2113.0,1794.0,1811.0,2049.0,1878.0,1793.0,1537.0,1195.0,1024.0,768.33,,,,,,,,,,,,,,,,,,,,,,,,
2024-01-02,3617.0,3651.0,3316.0,3347.0,3165.0,3195.0,2713.0,2739.0,2110.0,2130.0,1809.0,1826.0,2060.0,1888.0,1802.0,1545.0,1202.0,1030.0,772.4,,,,,,,,,,,,,,,,,,,,,,,,
2024-01-03,3611.0,3646.0,3310.0,3342.0,3160.0,3190.0,2709.0,2734.0,2107.0,2127.0,1806.0,1823.0,2051.0,1880.0,1795.0,1538.0,1196.0,1025.0,769.09,,,,,,,,,,,,,,,,,,,,,,,,
2024-01-04,3583.0,3617.0,3284.0,3316.0,3135.0,3165.0,2687.0,2713.0,2090.0,2110.0,1791.0,1809.0,2030.0,1861.0,1776.0,1523.0,1184.0,1015.0,761.25,,,,,,,,,,,,,,,,,,,,,,,,
2024-01-05,3611.0,3646.0,3310.0,3342.0,3160.0,3190.0,2709.0,2734.0,2107.0,2127.0,1806.0,1823.0,2028.0,1859.0,1775.0,1521.0,1183.0,1014.0,760.65,,,,,,,,,,,,,,,,,,,,,,,,
2024-01-06,3657.0,3691.0,3352.0,3384.0,3200.0,3230.0,2743.0,2769.0,2133.0,2153.0,1829.0,1846.0,2018.0,1850.0,1766.0,1514.0,1177.0,1009.0,756.74,,,,,,,,,,,,,,,,,,,,,,,,
2024-01-07,3714.0,3771.0,3405.0,3457.0,3250.0,3300.0,2786.0,2829.0,2167.0,2200.0,1857.0,1886.0,2018.0,1850.0,1766.0,1514.0,1177.0,1009.0,756.74,,,,,,,,,,,,,,,,,,,,,,,,
2024-01-08,3726.0,3760.0,3415.0,3447.0,3260.0,3290.0,2794.0,2820.0,2173.0,2193.0,1863.0,1880.0,2031.0,1862.0,1777.0,1523.0,1185.0,1015.0,761.52,,,,,,,,,,,,,,,,,,,,,,,,
2024-01-09,3686.0,3743.0,3379.0,3431.0,3225.0,3275.0,2764.0,2807.0,2150.0,2183.0,1843.0,1871.0,2007.0,1840.0,1756.0,1505.0,1171.0,1004.0,752.71,,,,,,,,,,,,,,,,,,,,,,,,
2024-01-10,3657.0,3691.0,3352.0,3384.0,3200.0,3230.0,2743.0,2769.0,2133.0,2153.0,1829.0,1846.0,2019.0,1851.0,1767.0,1515.0,1178.0,1010.0,757.3,,,,,,,,,,,,,,,,,,,,,,,,
2024-01-11,3606.0,3663.0,3305.0,3358.0,3155.0,3205.0,2704.0,2747.0,2103.0,2137.0,1803.0,1831.0,2015.0,1847.0,1763.0,1511.0,1175.0,1007.0,755.61,,,,,,,,,,,,,,,,,,,,,,,,
2024-01-12,3640.0,3674.0,3337.0,3368.0,3185.0,3215.0,2730.0,2756.0,2123.0,2143.0,1820.0,1837.0,2020.0,1852.0,1768.0,1515.0,1179.0,1010.0,757.63,,,,,,,,,,,,,,,,,,,,,,,,
2024-01-13,3691.0,3726.0,3384.0,3415.0,3230.0,3260.0,2769.0,2794.0,2153.0,2173.0,1846.0,1863.0,2031.0,1862.0,1777.0,1524.0,1185.0,1016.0,761.76,,,,,,,,,,,,,,,,,,,,,,,,
2024-01-14,3703.0,3749.0,3394.0,3436.0,3240.0,3280.0,2777.0,2811.0,2160.0,2187.0,1851.0,1874.0,2031.0,1862.0,1777.0,1524.0,1185.0,1016.0,761.76,,,,,,,,,,,,,,,,,,,,,,,,
2024-01-15,3714.0,3749.0,3405.0,3436.0,3250.0,3280.0,2786.0,2811.0,2167.0,2187.0,1857.0,1874.0,2032.0,1863.0,1778.0,1524.0,1185.0,1016.0,762.08,,,,,,,,,,,,,,,,,,,,,,,,
2024-01-16,3806.0,3840.0,3489.0,3520.0,3330.0,3360.0,2854.0,2880.0,2220.0,2240.0,1903.0,1920.0,2037.0,1867.0,1783.0,1528.0,1188.0,1019.0,763.94,,,,,,,,,,,,,,,,,,,,,,,,
2024-01-17,3817.0,3863.0,3499.0,3541.0,3340.0,3380.0,2863.0,2897.0,2227.0,2253.0,1909.0,1931.0,2021.0,1853.0,1769.0,1516.0,1179.0,1011.0,758.0,,,,,,,,,,,,,,,,,,,,,,,,
2024-01-18,3851.0,3886.0,3530.0,3562.0,3370.0,3400.0,2889.0,2914.0,2247.0,2267.0,1926.0,1943.0,2012.0,1844.0,1760.0,1509.0,1174.0,1006.0,754.46,,,,,,,,,,,,,,,,,,,,,,,,
2024-01-19,3829.0,3863.0,3510.0,3541.0,3350.0,3380.0,2871.0,2897.0,2233.0,2253.0,1914.0,1931.0,1999.0,1832.0,1749.0,1499.0,1166.0,999.44,749.58,,,,,,,,,,,,,,,,,,,,,,,,
2024-01-20,3977.0,4000.0,3646.0,3667.0,3480.0,3500.0,2983.0,3000.0,2320.0,2333.0,1989.0,2000.0,2016.0,1848.0,1764.0,1512.0,1176.0,1008.0,756.1,,,,,,,,,,,,,,,,,,,,,,,,
2024-01-21,3943.0,4000.0,3614.0,3667.0,3450.0,3500.0,2957.0,3000.0,2300.0,2333.0,1971.0,2000.0,2016.0,1848.0,1764.0,1512.0,1176.0,1008.0,756.1,,,,,,,,,,,,,,,,,,,,,,,,
2024-01-22,4011.0,4069.0,3677.0,3730.0,3510.0,3560.0,3009.0,3051.0,2340.0,2373.0,2006.0,2034.0,2010.0,1842.0,1759.0,1507.0,1172.0,1005.0,753.65,,,,,,,,,,,,,,,,,,,,,,,,
2024-01-23,4137.0,4171.0,3792.0,3824.0,3620.0,3650.0,3103.0,3129.0,2413.0,2433.0,2069.0,2086.0,2014.0,1846.0,1762.0,1511.0,1175.0,1007.0,755.3,,,,,,,,,,,,,,,,,,,,,,,,
2024-01-24,4171.0,4229.0,3824.0,3876.0,3650.0,3700.0,3129.0,3171.0,2433.0,2467.0,2086.0,2114.0,2009.0,1842.0,1758.0,1507.0,1172.0,1005.0,753.54,,,,,,,,,,,,,,,,,,,,,,,,
2024-01-25,4314.0,4371.0,3955.0,4007.0,3775.0,3825.0,3236.0,3279.0,2517.0,2550.0,2157.0,2186.0,2016.0,1848.0,1764.0,1512.0,1176.0,1008.0,756.13,,,,,,,,,,,,,,,,,,,,,,,,
2024-01-26,4314.0,4371.0,3955.0,4007.0,3775.0,3825.0,3236.0,3279.0,2517.0,2550.0,2157.0,2186.0,1998.0,1832.0,1748.0,1499.0,1166.0,999.03,749.28,,,,,,,,,,,,,,,,,,,,,,,,
2024-01-27,4314.0,4371.0,3955.0,4007.0,3775.0,3825.0,3236.0,3279.0,2517.0,2550.0,2157.0,2186.0,2007.0,1840.0,1756.0,1505.0,1171.0,1004.0,752.68,,,,,,,,,,,,,,,,,,,,,,,,
2024-01-28,4314.0,4371.0,3955.0,4007.0,3775.0,3825.0,3236.0,3279.0,2517.0,2550.0,2157.0,2186.0,2007.0,1840.0,1756.0,1505.0,1171.0,1004.0,752.68,,,,,,,,,,,,,,,,,,,,,,,,
2024-01-29,4343.0,4400.0,3981.0,4033.0,3800.0,3850.0,3257.0,3300.0,2533.0,2567.0,2171.0,2200.0,2009.0,1841.0,1758.0,1507.0,1172.0,1004.0,753.3,,,,,,,,,,,,,,,,,,,,,,,,
2024-01-30,4343.0,4400.0,3981.0,4033.0,3800.0,3850.0,3257.0,3300.0,2533.0,2567.0,2171.0,2200.0,2013.0,1845.0,1761.0,1509.0,1174.0,1006.0,754.69,,,,,,,,,,,,,,,,,,,,,,,,
2024-01-31,4371.0,4429.0,4007.0,4060.0,3825.0,3875.0,3279.0,3321.0,2550.0,2583.0,2186.0,2214.0,2019.0,1851.0,1767.0,1515.0,1178.0,1010.0,757.26,,,,,,,,,,,,,,,,,,,,,,,,
2024-02-01,4371.0,4429.0,4007.0,4060.0,3825.0,3875.0,3279.0,3321.0,2550.0,2583.0,2186.0,2214.0,2022.0,1854.0,1769.0,1517.0,1180.0,1011.0,758.28,,,,,,,,,,,,,,,,,,,,,,,,
2024-02-02,4371.0,4429.0,4007.0,4060.0,3825.0,3875.0,3279.0,3321.0,2550.0,2583.0,2186.0,2214.0,2018.0,1850.0,1766.0,1514.0,1177.0,1009.0,756.86,,,,,,,,,,,,,,,,,,,,,,,,
2024-02-03,4371.0,4429.0,4007.0,4060.0,3825.0,3875.0,3279.0,3321.0,2550.0,2583.0,2186.0,2214.0,2039.0,1869.0,1784.0,1529.0,1189.0,1019.0,764.57,,,,,,,,,,,,,,,,,,,,,,,,
2024-02-04,4057.0,4114.0,3719.0,3771.0,3550.0,3600.0,3043.0,3086.0,2367.0,2400.0,2029.0,2057.0,2039.0,1869.0,1784.0,1529.0,1189.0,1019.0,764.57,,,,,,,,,,,,,,,,,,,,,,,,
2024-02-05,3943.0,4000.0,3614.0,3667.0,3450.0,3500.0,2957.0,3000.0,2300.0,2333.0,1971.0,2000.0,2039.0,1869.0,1784.0,1529.0,1189.0,1019.0,764.57,,,,,,,,,,,,,,,,,,,,,,,,
2024-02-06,3857.0,3971.0,3536.0,3640.0,3375.0,3475.0,2893.0,2979.0,2250.0,2317.0,1929.0,1986.0,2007.0,1840.0,1756.0,1505.0,1171.0,1004.0,752.67,,,,,,,,,,,,,,,,,,,,,,,,
2024-02-07,4057.0,4171.0,3719.0,3824.0,3550.0,3650.0,3043.0,3129.0,2367.0,2433.0,2029.0,2086.0,2011.0,1843.0,1760.0,1508.0,1173.0,1005.0,754.12,,,,,,,,,,,,,,,,,,,,,,,,
2024-02-08,4057.0,4171.0,3719.0,3824.0,3550.0,3650.0,3043.0,3129.0,2367.0,2433.0,2029.0,2086.0,2017.0,1849.0,1765.0,1513.0,1177.0,1009.0,756.49,,,,,,,,,,,,,,,,,,,,,,,,
2024-02-09,4057.0,4171.0,3719.0,3824.0,3550.0,3650.0,3043.0,3129.0,2367.0,2433.0,2029.0,2086.0,2012.0,1845.0,1761.0,1509.0,1174.0,1006.0,754.61,,,,,,,,,,,,,,,,,,,,,,,,
2024-02-10,4057.0,4171.0,3719.0,3824.0,3550.0,3650.0,3043.0,3129.0,2367.0,2433.0,2029.0,2086.0,2012.0,1844.0,1760.0,1509.0,1174.0,1006.0,754.42,,,,,,,,,,,,,,,,,,,,,,,,
2024-02-11,4057.0,4171.0,3719.0,3824.0,3550.0,3650.0,3043.0,3129.0,2367.0,2433.0,2029.0,2086.0,2012.0,1844.0,1760.0,1509.0,1174.0,1006.0,754.42,,,,,,,,,,,,,,,,,,,,,,,,
2024-02-12,4057.0,4171.0,3719.0,3824.0,3550.0,3650.0,3043.0,3129.0,2367.0,2433.0,2029.0,2086.0,2013.0,1845.0,1761.0,1509.0,1174.0,1006.0,754.74,,,,,,,,,,,,,,,,,,,,,,,,
2024-02-13,4057.0,4114.0,3719.0,3771.0,3550.0,3600.0,3043.0,3086.0,2367.0,2400.0,2029.0,2057.0,2006.0,1839.0,1755.0,1504.0,1170.0,1003.0,752.2,,,,,,,,,,,,,,,,,,,,,,,,
2024-02-14,4114.0,4171.0,3771.0,3824.0,3600.0,3650.0,3086.0,3129.0,2400.0,2433.0,2057.0,2086.0,2012.0,1845.0,1761.0,1509.0,1174.0,1006.0,754.58,,,,,,,,,,,,,,,,,,,,,,,,
2024-02-15,4114.0,4171.0,3771.0,3824.0,3600.0,3650.0,3086.0,3129.0,2400.0,2433.0,2057.0,2086.0,1975.0,1810.0,1728.0,1481.0,1152.0,987.3,740.48,,,,,,,,,,,,,,,,,,,,,,,,
2024-02-16,4114.0,4149.0,3771.0,3803.0,3600.0,3630.0,3086.0,3111.0,2400.0,2420.0,2057.0,2074.0,1981.0,1816.0,1733.0,1486.0,1156.0,990.47,742.86,,,,,,,,,,,,,,,,,,,,,,,,
2024-02-17,4114.0,4149.0,3771.0,3803.0,3600.0,3630.0,3086.0,3111.0,2400.0,2420.0,2057.0,2074.0,1994.0,1828.0,1745.0,1496.0,1163.0,996.99,747.74,,,,,,,,,,,,,,,,,,,,,,,,
2024-02-18,4114.0,4149.0,3771.0,3803.0,3600.0,3630.0,3086.0,3111.0,2400.0,2420.0,2057.0,2074.0,1994.0,1828.0,1745.0,1496.0,1163.0,996.99,747.74,,,,,,,,,,,,,,,,,,,,,,,,
2024-02-19,4057.0,4091.0,3719.0,3750.0,3550.0,3580.0,3043.0,3069.0,2367.0,2387.0,2029.0,2046.0,1991.0,1825.0,1742.0,1493.0,1161.0,995.57,746.68,,,,,,,,,,,,,,,,,,,,,,,,
2024-02-20,4080.0,4114.0,3740.0,3771.0,3570.0,3600.0,3060.0,3086.0,2380.0,2400.0,2040.0,2057.0,2004.0,1837.0,1754.0,1503.0,1169.0,1002.0,751.51,,,,,,,,,,,,,,,,,,,,,,,,
2024-02-21,4080.0,4114.0,3740.0,3771.0,3570.0,3600.0,3060.0,3086.0,2380.0,2400.0,2040.0,2057.0,2011.0,1843.0,1760.0,1508.0,1173.0,1006.0,754.14,,,,,,,,,,,,,,,,,,,,,,,,
2024-02-22,4023.0,4057.0,3688.0,3719.0,3520.0,3550.0,3017.0,3043.0,2347.0,2367.0,2011.0,2029.0,2019.0,1851.0,1767.0,1514.0,1178.0,1010.0,757.23,,,,,,,,,,,,,,,,,,,,,,,,
2024-02-23,3886.0,3909.0,3562.0,3583.0,3400.0,3420.0,2914.0,2931.0,2267.0,2280.0,1943.0,1954.0,2012.0,1845.0,1761.0,1509.0,1174.0,1006.0,754.64,,,,,,,,,,,,,,,,,,,,,,,,
2024-02-24,3600.0,3714.0,3300.0,3405.0,3150.0,3250.0,2700.0,2786.0,2100.0,2167.0,1800.0,1857.0,2014.0,1846.0,1763.0,1511.0,1175.0,1007.0,755.36,,,,,,,,,,,,,,,,,,,,,,,,
2024-02-25,3400.0,3514.0,3117.0,3221.0,2975.0,3075.0,2550.0,2636.0,1983.0,2050.0,1700.0,1757.0,2014.0,1846.0,1763.0,1511.0,1175.0,1007.0,755.36,,,,,,,,,,,,,,,,,,,,,,,,
2024-02-26,3257.0,3429.0,2986.0,3143.0,2850.0,3000.0,2443.0,2571.0,1900.0,2000.0,1629.0,1714.0,2011.0,1844.0,1760.0,1508.0,1173.0,1006.0,754.2,,,,,,,,,,,,,,,,,,,,,,,,
2024-02-27,3314.0,3429.0,3038.0,3143.0,2900.0,3000.0,2486.0,2571.0,1933.0,2000.0,1657.0,1714.0,2017.0,1849.0,1765.0,1513.0,1176.0,1008.0,756.3,,,,,,,,,,,,,,,,,,,,,,,,
2024-02-28,3429.0,3543.0,3143.0,3248.0,3000.0,3100.0,2571.0,2657.0,2000.0,2067.0,1714.0,1771.0,2022.0,1853.0,1769.0,1516.0,1179.0,1011.0,758.09,,,,,,,,,,,,,,,,,,,,,,,,
2024-02-29,3360.0,3406.0,3080.0,3122.0,2940.0,2980.0,2520.0,2554.0,1960.0,1987.0,1680.0,1703.0,2014.0,1846.0,1762.0,1511.0,1175.0,1007.0,755.3,,,,,,,,,,,,,,,,,,,,,,,,
2024-03-01,3280.0,3326.0,3007.0,3049.0,2870.0,2910.0,2460.0,2494.0,1913.0,1940.0,1640.0,1663.0,2019.0,1851.0,1767.0,1514.0,1178.0,1010.0,757.2,,,,,,,,,,,,,,,,,,,,,,,,
2024-03-02,3314.0,3371.0,3038.0,3090.0,2900.0,2950.0,2486.0,2529.0,1933.0,1967.0,1657.0,1686.0,2035.0,1865.0,1781.0,1526.0,1187.0,1017.0,763.09,,,,,,,,,,,,,,,,,,,,,,,,
2024-03-03,3131.0,3189.0,2870.0,2923.0,2740.0,2790.0,2349.0,2391.0,1827.0,1860.0,1566.0,1594.0,2035.0,1865.0,1781.0,1526.0,1187.0,1017.0,763.09,,,,,,,,,,,,,,,,,,,,,,,,
2024-03-04,2983.0,3029.0,2734.0,2776.0,2610.0,2650.0,2237.0,2271.0,1740.0,1767.0,1491.0,1514.0,2039.0,1869.0,1784.0,1529.0,1189.0,1020.0,764.65,,,,,,,,,,,,,,,,,,,,,,,,
2024-03-05,3160.0,3217.0,2897.0,2949.0,2765.0,2815.0,2370.0,2413.0,1843.0,1877.0,1580.0,1609.0,2066.0,1894.0,1808.0,1550.0,1205.0,1033.0,774.86,,,,,,,,,,,,,,,,,,,,,,,,
2024-03-06,3286.0,3343.0,3012.0,3064.0,2875.0,2925.0,2464.0,2507.0,1917.0,1950.0,1643.0,1671.0,2107.0,1932.0,1844.0,1581.0,1229.0,1054.0,790.27,,,,,,,,,,,,,,,,,,,,,,,,
2024-03-07,3600.0,3714.0,3300.0,3405.0,3150.0,3250.0,2700.0,2786.0,2100.0,2167.0,1800.0,1857.0,3269.0,2997.0,2860.0,2452.0,1907.0,1635.0,1226.0,,,,,,,,,,,,,,,,,,,,,,,,
2024-03-08,3600.0,3714.0,3300.0,3405.0,3150.0,3250.0,2700.0,2786.0,2100.0,2167.0,1800.0,1857.0,3420.0,3135.0,2993.0,2565.0,1995.0,1710.0,1283.0,,,,,,,,,,,,,,,,,,,,,,,,
2024-03-09,3680.0,3737.0,3373.0,3426.0,3220.0,3270.0,2760.0,2803.0,2147.0,2180.0,1840.0,1869.0,3444.0,3157.0,3014.0,2583.0,2009.0,1722.0,1292.0,,,,,,,,,,,,,,,,,,,,,,,,
2024-03-10,3600.0,3657.0,3300.0,3352.0,3150.0,3200.0,2700.0,2743.0,2100.0,2133.0,1800.0,1829.0,3444.0,3157.0,3014.0,2583.0,2009.0,1722.0,1292.0,,,,,,,,,,,,,,,,,,,,,,,,
2024-03-11,3520.0,3577.0,3227.0,3279.0,3080.0,3130.0,2640.0,2683.0,2053.0,2087.0,1760.0,1789.0,3439.0,3153.0,3010.0,2580.0,2006.0,1720.0,1290.0,,,,,,,,,,,,,,,,,,,,,,,,
2024-03-12,3571.0,3606.0,3274.0,3305.0,3125.0,3155.0,2679.0,2704.0,2083.0,2103.0,1786.0,1803.0,3426.0,3140.0,2998.0,2569.0,1998.0,1713.0,1285.0,,,,,,,,,,,,,,,,,,,,,,,,
2024-03-13,3514.0,3571.0,3221.0,3274.0,3075.0,3125.0,2636.0,2679.0,2050.0,2083.0,1757.0,1786.0,3405.0,3121.0,2979.0,2554.0,1986.0,1702.0,1277.0,,,,,,,,,,,,,,,,,,,,,,,,
2024-03-14,3383.0,3417.0,3101.0,3132.0,2960.0,2990.0,2537.0,2563.0,1973.0,1993.0,1691.0,1709.0,3376.0,3095.0,2954.0,2532.0,1969.0,1688.0,1266.0,,,,,,,,,,,,,,,,,,,,,,,,
2024-03-15,3297.0,3354.0,3022.0,3075.0,2885.0,2935.0,2473.0,2516.0,1923.0,1957.0,1649.0,1677.0,3326.0,3049.0,2910.0,2494.0,1940.0,1663.0,1247.0,,,,,,,,,,,,,,,,,,,,,,,,
2024-03-16,3343.0,3366.0,3064.0,3085.0,2925.0,2945.0,2507.0,2524.0,1950.0,1963.0,1671.0,1683.0,3317.0,3041.0,2902.0,2488.0,1935.0,1658.0,1244.0,,,,,,,,,,,,,,,,,,,,,,,,
2024-03-17,3371.0,3406.0,3090.0,3122.0,2950.0,2980.0,2529.0,2554.0,1967.0,1987.0,1686.0,1703.0,3317.0,3041.0,2902.0,2488.0,1935.0,1658.0,1244.0,,,,,,,,,,,,,,,,,,,,,,,,
2024-03-18,3331.0,3366.0,3054.0,3085.0,2915.0,2945.0,2499.0,2524.0,1943.0,1963.0,1666.0,1683.0,3278.0,3005.0,2868.0,2459.0,1912.0,1639.0,1229.0,,,,,,,,,,,,,,,,,,,,,,,,
2024-03-19,3400.0,3457.0,3117.0,3169.0,2975.0,3025.0,2550.0,2593.0,1983.0,2017.0,1700.0,1729.0,3267.0,2995.0,2859.0,2450.0,1906.0,1633.0,1225.0,,,,,,,,,,,,,,,,,,,,,,,,
2024-03-20,3429.0,3486.0,3143.0,3195.0,3000.0,3050.0,2571.0,2614.0,2000.0,2033.0,1714.0,1743.0,3262.0,2990.0,2855.0,2447.0,1903.0,1631.0,1223.0,,,,,,,,,,,,,,,,,,,,,,,,
2024-03-21,3429.0,3486.0,3143.0,3195.0,3000.0,3050.0,2571.0,2614.0,2000.0,2033.0,1714.0,1743.0,3246.0,2975.0,2840.0,2435.0,1893.0,1623.0,1217.0,,,,,,,,,,,,,,,,,,,,,,,,
2024-03-22,3429.0,3497.0,3143.0,3206.0,3000.0,3060.0,2571.0,2623.0,2000.0,2040.0,1714.0,1749.0,3313.0,3037.0,2899.0,2485.0,1932.0,1656.0,1242.0,,,,,,,,,,,,,,,,,,,,,,,,
2024-03-23,3394.0,3429.0,3111.0,3143.0,2970.0,3000.0,2546.0,2571.0,1980.0,2000.0,1697.0,1714.0,3285.0,3011.0,2874.0,2464.0,1916.0,1642.0,1232.0,,,,,,,,,,,,,,,,,,,,,,,,
2024-03-24,3400.0,3457.0,3117.0,3169.0,2975.0,3025.0,2550.0,2593.0,1983.0,2017.0,1700.0,1729.0,3263.0,2991.0,2856.0,2448.0,1904.0,1632.0,1224.0,,,,,,,,,,,,,,,,,,,,,,,,
2024-03-25,3400.0,3457.0,3117.0,3169.0,2975.0,3025.0,2550.0,2593.0,1983.0,2017.0,1700.0,1729.0,3261.0,2989.0,2853.0,2446.0,1902.0,1630.0,1223.0,,,,,,,,,,,,,,,,,,,,,,,,
2024-03-26,3486.0,3543.0,3195.0,3248.0,3050.0,3100.0,2614.0,2657.0,2033.0,2067.0,1743.0,1771.0,3255.0,2984.0,2848.0,2441.0,1899.0,1627.0,1221.0,,,,,,,,,,,,,,,,,,,,,,,,
2024-03-27,3520.0,3577.0,3227.0,3279.0,3080.0,3130.0,2640.0,2683.0,2053.0,2087.0,1760.0,1789.0,3364.0,3084.0,2944.0,2523.0,1962.0,1682.0,1262.0,,,,,,,,,,,,,,,,,,,,,,,,
2024-03-29,3497.0,3531.0,3206.0,3237.0,3060.0,3090.0,2623.0,2649.0,2040.0,2060.0,1749.0,1766.0,3361.0,3081.0,2941.0,2521.0,1961.0,1681.0,1261.0,,,,,,,,,,,,,,,,,,,,,,,,
2024-03-30,3531.0,3566.0,3237.0,3269.0,3090.0,3120.0,2649.0,2674.0,2060.0,2080.0,1766.0,1783.0,3371.0,3091.0,2950.0,2529.0,1967.0,1686.0,1264.0,,,,,,,,,,,,,,,,,,,,,,,,
2024-03-31,3497.0,3531.0,3206.0,3237.0,3060.0,3090.0,2623.0,2649.0,2040.0,2060.0,1749.0,1766.0,3375.0,3094.0,2954.0,2532.0,1969.0,1688.0,1266.0,,,,,,,,,,,,,,,,,,,,,,,,
2024-04-01,3497.0,3531.0,3206.0,3237.0,3060.0,3090.0,2623.0,2649.0,2040.0,2060.0,1749.0,1766.0,3361.0,3081.0,2941.0,2521.0,1960.0,1680.0,1260.0,,,,,,,,,,,,,,,,,,,,,,,,
2024-04-02,3491.0,3514.0,3200.0,3221.0,3055.0,3075.0,2619.0,2636.0,2037.0,2050.0,1746.0,1757.0,3403.0,3120.0,2978.0,2553.0,1985.0,1702.0,1276.0,,,,,,,,,,,,,,,,,,,,,,,,
2024-04-03,3497.0,3531.0,3206.0,3237.0,3060.0,3090.0,2623.0,2649.0,2040.0,2060.0,1749.0,1766.0,3421.0,3136.0,2994.0,2566.0,1996.0,1711.0,1283.0,,,,,,,,,,,,,,,,,,,,,,,,
2024-04-04,3531.0,3566.0,3237.0,3269.0,3090.0,3120.0,2649.0,2674.0,2060.0,2080.0,1766.0,1783.0,3472.0,3183.0,3038.0,2604.0,2026.0,1736.0,1302.0,,,,,,,,,,,,,,,,,,,,,,,,
2024-04-05,3543.0,3566.0,3248.0,3269.0,3100.0,3120.0,2657.0,2674.0,2067.0,2080.0,1771.0,1783.0,3483.0,3193.0,3048.0,2612.0,2032.0,1742.0,1306.0,,,,,,,,,,,,,,,,,,,,,,,,
2024-04-06,3554.0,3589.0,3258.0,3290.0,3110.0,3140.0,2666.0,2691.0,2073.0,2093.0,1777.0,1794.0,3483.0,3193.0,3048.0,2613.0,2032.0,1742.0,1306.0,,,,,,,,,,,,,,,,,,,,,,,,
2024-04-07,3634.0,3657.0,3331.0,3352.0,3180.0,3200.0,2726.0,2743.0,2120.0,2133.0,1817.0,1829.0,3483.0,3193.0,3048.0,2613.0,2032.0,1742.0,1306.0,,,,,,,,,,,,,,,,,,,,,,,,
2024-04-08,3634.0,3657.0,3331.0,3352.0,3180.0,3200.0,2726.0,2743.0,2120.0,2133.0,1817.0,1829.0,3488.0,3197.0,3052.0,2616.0,2035.0,1744.0,1308.0,,,,,,,,,,,,,,,,,,,,,,,,
2024-04-09,3629.0,3651.0,3326.0,3347.0,3175.0,3195.0,2721.0,2739.0,2117.0,2130.0,1814.0,1826.0,3580.0,3282.0,3133.0,2685.0,2088.0,1790.0,1342.0,,,,,,,,,,,,,,,,,,,,,,,,
2024-04-10,3646.0,3680.0,3342.0,3373.0,3190.0,3220.0,2734.0,2760.0,2127.0,2147.0,1823.0,1840.0,3604.0,3303.0,3153.0,2703.0,2102.0,1802.0,1351.0,,,,,,,,,,,,,,,,,,,,,,,,
2024-04-11,3611.0,3646.0,3310.0,3342.0,3160.0,3190.0,2709.0,2734.0,2107.0,2127.0,1806.0,1823.0,3583.0,3285.0,3136.0,2688.0,2090.0,1792.0,1344.0,,,,,,,,,,,,,,,,,,,,,,,,
2024-04-12,3669.0,3691.0,3363.0,3384.0,3210.0,3230.0,2751.0,2769.0,2140.0,2153.0,1834.0,1846.0,3578.0,3280.0,3131.0,2683.0,2087.0,1789.0,1342.0,,,,,,,,,,,,,,,,,,,,,,,,
2024-04-13,3640.0,3674.0,3337.0,3368.0,3185.0,3215.0,2730.0,2756.0,2123.0,2143.0,1820.0,1837.0,3659.0,3355.0,3202.0,2745.0,2135.0,1830.0,1372.0,,,,,,,,,,,,,,,,,,,,,,,,
2024-04-14,3657.0,3691.0,3352.0,3384.0,3200.0,3230.0,2743.0,2769.0,2133.0,2153.0,1829.0,1846.0,3661.0,3356.0,3203.0,2746.0,2136.0,1830.0,1373.0,,,,,,,,,,,,,,,,,,,,,,,,
2024-04-15,3714.0,3749.0,3405.0,3436.0,3250.0,3280.0,2786.0,2811.0,2167.0,2187.0,1857.0,1874.0,3661.0,3356.0,3203.0,2746.0,2136.0,1830.0,1373.0,,,,,,,,,,,,,,,,,,,,,,,,
2024-04-16,3703.0,3737.0,3394.0,3426.0,3240.0,3270.0,2777.0,2803.0,2160.0,2180.0,1851.0,1869.0,3684.0,3377.0,3224.0,2763.0,2149.0,1842.0,1382.0,,,,,,,,,,,,,,,,,,,,,,,,
2024-04-17,3703.0,3726.0,3394.0,3415.0,3240.0,3260.0,2777.0,2794.0,2160.0,2173.0,1851.0,1863.0,3702.0,3393.0,3239.0,2776.0,2159.0,1851.0,1388.0,,,,,,,,,,,,,,,,,,,,,,,,
2024-04-18,3697.0,3720.0,3389.0,3410.0,3235.0,3255.0,2773.0,2790.0,2157.0,2170.0,1849.0,1860.0,3738.0,3426.0,3270.0,2803.0,2180.0,1869.0,1402.0,,,,,,,,,,,,,,,,,,,,,,,,
2024-04-19,3691.0,3714.0,3384.0,3405.0,3230.0,3250.0,2769.0,2786.0,2153.0,2167.0,1846.0,1857.0,3713.0,3404.0,3249.0,2785.0,2166.0,1857.0,1392.0,,,,,,,,,,,,,,,,,,,,,,,,
2024-04-20,3714.0,3737.0,3405.0,3426.0,3250.0,3270.0,2786.0,2803.0,2167.0,2180.0,1857.0,1869.0,3691.0,3383.0,3230.0,2768.0,2153.0,1845.0,1384.0,,,,,,,,,,,,,,,,,,,,,,,,
2024-04-21,3714.0,3737.0,3405.0,3426.0,3250.0,3270.0,2786.0,2803.0,2167.0,2180.0,1857.0,1869.0,3691.0,3383.0,3230.0,2768.0,2153.0,1845.0,1384.0,,,,,,,,,,,,,,,,,,,,,,,,
2024-04-22,3714.0,3737.0,3405.0,3426.0,3250.0,3270.0,2786.0,2803.0,2167.0,2180.0,1857.0,1869.0,3697.0,3389.0,3235.0,2773.0,2156.0,1848.0,1386.0,,,,,,,,,,,,,,,,,,,,,,,,
2024-04-23,3577.0,3600.0,3279.0,3300.0,3130.0,3150.0,2683.0,2700.0,2087.0,2100.0,1789.0,1800.0,3621.0,3320.0,3169.0,2716.0,2112.0,1811.0,1358.0,,,,,,,,,,,,,,,,,,,,,,,,
2024-04-24,3543.0,3566.0,3248.0,3269.0,3100.0,3120.0,2657.0,2674.0,2067.0,2080.0,1771.0,1783.0,3554.0,3258.0,3110.0,2666.0,2073.0,1777.0,1333.0,,,,,,,,,,,,,,,,,,,,,,,,
2024-04-25,3514.0,3537.0,3221.0,3242.0,3075.0,3095.0,2636.0,2653.0,2050.0,2063.0,1757.0,1769.0,3560.0,3264.0,3115.0,2670.0,2077.0,1780.0,1335.0,,,,,,,,,,,,,,,,,,,,,,,,
2024-04-26,3531.0,3554.0,3237.0,3258.0,3090.0,3110.0,2649.0,2666.0,2060.0,2073.0,1766.0,1777.0,3587.0,3288.0,3138.0,2690.0,2092.0,1793.0,1345.0,,,,,,,,,,,,,,,,,,,,,,,,
2024-04-27,3531.0,3554.0,3237.0,3258.0,3090.0,3110.0,2649.0,2666.0,2060.0,2073.0,1766.0,1777.0,3611.0,3310.0,3160.0,2708.0,2107.0,1806.0,1354.0,,,,,,,,,,,,,,,,,,,,,,,,
2024-04-28,3520.0,3543.0,3227.0,3248.0,3080.0,3100.0,2640.0,2657.0,2053.0,2067.0,1760.0,1771.0,3611.0,3310.0,3160.0,2708.0,2107.0,1806.0,1354.0,,,,,,,,,,,,,,,,,,,,,,,,
2024-04-29,3509.0,3531.0,3216.0,3237.0,3070.0,3090.0,2631.0,2649.0,2047.0,2060.0,1754.0,1766.0,3596.0,3296.0,3147.0,2697.0,2098.0,1798.0,1349.0,,,,,,,,,,,,,,,,,,,,,,,,
2024-04-30,3514.0,3537.0,3221.0,3242.0,3075.0,3095.0,2636.0,2653.0,2050.0,2063.0,1757.0,1769.0,3572.0,3275.0,3126.0,2679.0,2084.0,1786.0,1340.0,,,,,,,,,,,,,,,,,,,,,,,,
2024-05-01,3469.0,3503.0,3180.0,3211.0,3035.0,3065.0,2601.0,2627.0,2023.0,2043.0,1734.0,1751.0,3561.0,3265.0,3116.0,2671.0,2077.0,1781.0,1335.0,,,,,,,,,,,,,,,,,,,,,,,,
2024-05-02,3497.0,3531.0,3206.0,3237.0,3060.0,3090.0,2623.0,2649.0,2040.0,2060.0,1749.0,1766.0,3527.0,3233.0,3086.0,2646.0,2058.0,1764.0,1323.0,,,,,,,,,,,,,,,,,,,,,,,,
2024-05-03,3509.0,3531.0,3216.0,3237.0,3070.0,3090.0,2631.0,2649.0,2047.0,2060.0,1754.0,1766.0,3545.0,3250.0,3102.0,2659.0,2068.0,1772.0,1329.0,,,,,,,,,,,,,,,,,,,,,,,,
2024-05-04,3509.0,3531.0,3216.0,3237.0,3070.0,3090.0,2631.0,2649.0,2047.0,2060.0,1754.0,1766.0,3536.0,3242.0,3094.0,2652.0,2063.0,1768.0,1326.0,,,,,,,,,,,,,,,,,,,,,,,,
2024-05-05,3497.0,3520.0,3206.0,3227.0,3060.0,3080.0,2623.0,2640.0,2040.0,2053.0,1749.0,1760.0,3536.0,3242.0,3094.0,2652.0,2063.0,1768.0,1326.0,,,,,,,,,,,,,,,,,,,,,,,,
2024-05-06,3503.0,3526.0,3211.0,3232.0,3065.0,3085.0,2627.0,2644.0,2043.0,2057.0,1751.0,1763.0,3541.0,3246.0,3099.0,2656.0,2066.0,1771.0,1328.0,,,,,,,,,,,,,,,,,,,,,,,,
2024-05-07,3531.0,3554.0,3237.0,3258.0,3090.0,3110.0,2649.0,2666.0,2060.0,2073.0,1766.0,1777.0,3571.0,3273.0,3124.0,2678.0,2083.0,1785.0,1339.0,,,,,,,,,,,,,,,,,,,,,,,,
2024-05-08,3514.0,3537.0,3221.0,3242.0,3075.0,3095.0,2636.0,2653.0,2050.0,2063.0,1757.0,1769.0,3557.0,3260.0,3112.0,2668.0,2075.0,1778.0,1334.0,,,,,,,,,,,,,,,,,,,,,,,,
2024-05-09,3509.0,3531.0,3216.0,3237.0,3070.0,3090.0,2631.0,2649.0,2047.0,2060.0,1754.0,1766.0,3539.0,3244.0,3097.0,2655.0,2065.0,1770.0,1327.0,,,,,,,,,,,,,,,,,,,,,,,,
2024-05-10,3526.0,3549.0,3232.0,3253.0,3085.0,3105.0,2644.0,2661.0,2057.0,2070.0,1763.0,1774.0,3521.0,3228.0,3081.0,2641.0,2054.0,1761.0,1320.0,,,,,,,,,,,,,,,,,,,,,,,,
2024-05-11,3566.0,3589.0,3269.0,3290.0,3120.0,3140.0,2674.0,2691.0,2080.0,2093.0,1783.0,1794.0,3613.0,3312.0,3162.0,2710.0,2108.0,1807.0,1355.0,,,,,,,,,,,,,,,,,,,,,,,,
2024-05-12,3554.0,3577.0,3258.0,3279.0,3110.0,3130.0,2666.0,2683.0,2073.0,2087.0,1777.0,1789.0,3613.0,3312.0,3162.0,2710.0,2108.0,1807.0,1355.0,,,,,,,,,,,,,,,,,,,,,,,,
2024-05-13,3549.0,3571.0,3253.0,3274.0,3105.0,3125.0,2661.0,2679.0,2070.0,2083.0,1774.0,1786.0,3611.0,3310.0,3160.0,2708.0,2106.0,1806.0,1354.0,,,,,,,,,,,,,,,,,,,,,,,,
2024-05-14,3526.0,3549.0,3232.0,3253.0,3085.0,3105.0,2644.0,2661.0,2057.0,2070.0,1763.0,1774.0,3543.0,3248.0,3100.0,2657.0,2067.0,1772.0,1329.0,,,,,,,,,,,,,,,,,,,,,,,,
2024-05-15,3526.0,3549.0,3232.0,3253.0,3085.0,3105.0,2644.0,2661.0,2057.0,2070.0,1763.0,1774.0,3531.0,3237.0,3090.0,2648.0,2060.0,1765.0,1324.0,,,,,,,,,,,,,,,,,,,,,,,,
2024-05-16,3554.0,3577.0,3258.0,3279.0,3110.0,3130.0,2666.0,2683.0,2073.0,2087.0,1777.0,1789.0,3559.0,3263.0,3114.0,2669.0,2076.0,1780.0,1335.0,,,,,,,,,,,,,,,,,,,,,,,,
2024-05-18,3606.0,3629.0,3305.0,3326.0,3155.0,3175.0,2704.0,2721.0,2103.0,2117.0,1803.0,1814.0,3602.0,3302.0,3152.0,2701.0,2101.0,1801.0,1351.0,,,,,,,,,,,,,,,,,,,,,,,,
2024-05-19,3606.0,3629.0,3305.0,3326.0,3155.0,3175.0,2704.0,2721.0,2103.0,2117.0,1803.0,1814.0,3602.0,3302.0,3152.0,2701.0,2101.0,1801.0,1351.0,,,,,,,,,,,,,,,,,,,,,,,,
2024-05-20,3606.0,3629.0,3305.0,3326.0,3155.0,3175.0,2704.0,2721.0,2103.0,2117.0,1803.0,1814.0,3597.0,3298.0,3148.0,2698.0,2098.0,1799.0,1349.0,,,,,,,,,,,,,,,,,,,,,,,,
2024-05-21,3617.0,3640.0,3316.0,3337.0,3165.0,3185.0,2713.0,2730.0,2110.0,2123.0,1809.0,1820.0,3654.0,3350.0,3198.0,2741.0,2132.0,1827.0,1370.0,,,,,,,,,,,,,,,,,,,,,,,,
2024-05-22,3611.0,3623.0,3310.0,3321.0,3160.0,3170.0,2709.0,2717.0,2107.0,2113.0,1806.0,1811.0,3636.0,3333.0,3182.0,2727.0,2121.0,1818.0,1364.0,,,,,,,,,,,,,,,,,,,,,,,,
2024-05-23,3583.0,3606.0,3284.0,3305.0,3135.0,3155.0,2687.0,2704.0,2090.0,2103.0,1791.0,1803.0,3618.0,3317.0,3166.0,2714.0,2111.0,1809.0,1357.0,,,,,,,,,,,,,,,,,,,,,,,,
2024-05-24,3560.0,3583.0,3263.0,3284.0,3115.0,3135.0,2670.0,2687.0,2077.0,2090.0,1780.0,1791.0,3586.0,3287.0,3138.0,2690.0,2092.0,1793.0,1345.0,,,,,,,,,,,,,,,,,,,,,,,,
2024-05-25,3554.0,3566.0,3258.0,3269.0,3110.0,3120.0,2666.0,2674.0,2073.0,2080.0,1777.0,1783.0,3543.0,3248.0,3100.0,2657.0,2067.0,1772.0,1329.0,,,,,,,,,,,,,,,,,,,,,,,,
2024-05-26,3549.0,3560.0,3253.0,3263.0,3105.0,3115.0,2661.0,2670.0,2070.0,2077.0,1774.0,1780.0,3543.0,3248.0,3100.0,2657.0,2067.0,1772.0,1329.0,,,,,,,,,,,,,,,,,,,,,,,,
2024-05-27,3520.0,3543.0,3227.0,3248.0,3080.0,3100.0,2640.0,2657.0,2053.0,2067.0,1760.0,1771.0,3527.0,3233.0,3086.0,2645.0,2057.0,1763.0,1322.0,,,,,,,,,,,,,,,,,,,,,,,,
2024-05-28,3543.0,3566.0,3248.0,3269.0,3100.0,3120.0,2657.0,2674.0,2067.0,2080.0,1771.0,1783.0,3553.0,3257.0,3109.0,2665.0,2073.0,1777.0,1333.0,,,,,,,,,,,,,,,,,,,,,,,,
2024-05-29,3566.0,3589.0,3269.0,3290.0,3120.0,3140.0,2674.0,2691.0,2080.0,2093.0,1783.0,1794.0,3582.0,3283.0,3134.0,2686.0,2089.0,1791.0,1343.0,,,,,,,,,,,,,,,,,,,,,,,,
2024-05-30,3543.0,3566.0,3248.0,3269.0,3100.0,3120.0,2657.0,2674.0,2067.0,2080.0,1771.0,1783.0,3565.0,3268.0,3119.0,2674.0,2079.0,1782.0,1337.0,,,,,,,,,,,,,,,,,,,,,,,,
2024-05-31,3537.0,3560.0,3242.0,3263.0,3095.0,3115.0,2653.0,2670.0,2063.0,2077.0,1769.0,1780.0,3543.0,3248.0,3100.0,2657.0,2067.0,1771.0,1329.0,,,,,,,,,,,,,,,,,,,,,,,,
2024-06-01,3520.0,3543.0,3227.0,3248.0,3080.0,3100.0,2640.0,2657.0,2053.0,2067.0,1760.0,1771.0,3557.0,3261.0,3112.0,2668.0,2075.0,1778.0,1334.0,,,,,,,,,,,,,,,,,,,,,,,,
2024-06-02,3531.0,3554.0,3237.0,3258.0,3090.0,3110.0,2649.0,2666.0,2060.0,2073.0,1766.0,1777.0,3557.0,3261.0,3112.0,2668.0,2075.0,1778.0,1334.0,,,,,,,,,,,,,,,,,,,,,,,,
2024-06-03,3537.0,3549.0,3242.0,3253.0,3095.0,3105.0,2653.0,2661.0,2063.0,2070.0,1769.0,1774.0,3558.0,3262.0,3113.0,2669.0,2076.0,1779.0,1334.0,,,,,,,,,,,,,,,,,,,,,,,,
2024-06-04,3543.0,3566.0,3248.0,3269.0,3100.0,3120.0,2657.0,2674.0,2067.0,2080.0,1771.0,1783.0,3526.0,3232.0,3085.0,2644.0,2057.0,1763.0,1322.0,,,,,,,,,,,,,,,,,,,,,,,,
2024-06-05,3526.0,3549.0,3232.0,3253.0,3085.0,3105.0,2644.0,2661.0,2057.0,2070.0,1763.0,1774.0,3546.0,3251.0,3103.0,2660.0,2069.0,1773.0,1330.0,,,,,,,,,,,,,,,,,,,,,,,,
2024-06-06,3554.0,3577.0,3258.0,3279.0,3110.0,3130.0,2666.0,2683.0,2073.0,2087.0,1777.0,1789.0,3555.0,3259.0,3111.0,2666.0,2074.0,1778.0,1333.0,,,,,,,,,,,,,,,,,,,,,,,,
2024-06-07,3571.0,3594.0,3274.0,3295.0,3125.0,3145.0,2679.0,2696.0,2083.0,2097.0,1786.0,1797.0,3614.0,3313.0,3163.0,2711.0,2108.0,1807.0,1355.0,,,,,,,,,,,,,,,,,,,,,,,,
2024-06-08,3509.0,3531.0,3216.0,3237.0,3070.0,3090.0,2631.0,2649.0,2047.0,2060.0,1754.0,1766.0,3569.0,3272.0,3123.0,2677.0,2082.0,1785.0,1338.0,,,,,,,,,,,,,,,,,,,,,,,,
2024-06-09,3520.0,3543.0,3227.0,3248.0,3080.0,3100.0,2640.0,2657.0,2053.0,2067.0,1760.0,1771.0,3569.0,3272.0,3123.0,2677.0,2082.0,1785.0,1338.0,,,,,,,,,,,,,,,,,,,,,,,,
2024-06-10,3520.0,3543.0,3227.0,3248.0,3080.0,3100.0,2640.0,2657.0,2053.0,2067.0,1760.0,1771.0,3579.0,3281.0,3132.0,2684.0,2088.0,1789.0,1342.0,,,,,,,,,,,,,,,,,,,,,,,,
2024-06-11,3543.0,3554.0,3248.0,3258.0,3100.0,3110.0,2657.0,2666.0,2067.0,2073.0,1771.0,1777.0,3527.0,3233.0,3086.0,2645.0,2057.0,1763.0,1323.0,,,,,,,,,,,,,,,,,,,,,,,,
2024-06-12,3537.0,3560.0,3242.0,3263.0,3095.0,3115.0,2653.0,2670.0,2063.0,2077.0,1769.0,1780.0,3523.0,3229.0,3083.0,2642.0,2055.0,1761.0,1321.0,,,,,,,,,,,,,,,,,,,,,,,,
2024-06-13,3543.0,3566.0,3248.0,3269.0,3100.0,3120.0,2657.0,2674.0,2067.0,2080.0,1771.0,1783.0,3543.0,3248.0,3100.0,2657.0,2067.0,1772.0,1329.0,,,,,,,,,,,,,,,,,,,,,,,,
2024-06-14,3543.0,3566.0,3248.0,3269.0,3100.0,3120.0,2657.0,2674.0,2067.0,2080.0,1771.0,1783.0,3543.0,3248.0,3100.0,2657.0,2067.0,1771.0,1329.0,,,,,,,,,,,,,,,,,,,,,,,,
2024-06-15,3560.0,3583.0,3263.0,3284.0,3115.0,3135.0,2670.0,2687.0,2077.0,2090.0,1780.0,1791.0,3575.0,3277.0,3128.0,2681.0,2086.0,1788.0,1341.0,,,,,,,,,,,,,,,,,,,,,,,,
2024-06-16,3571.0,3594.0,3274.0,3295.0,3125.0,3145.0,2679.0,2696.0,2083.0,2097.0,1786.0,1797.0,3575.0,3277.0,3128.0,2681.0,2086.0,1788.0,1341.0,,,,,,,,,,,,,,,,,,,,,,,,
2024-06-17,3571.0,3594.0,3274.0,3295.0,3125.0,3145.0,2679.0,2696.0,2083.0,2097.0,1786.0,1797.0,3575.0,3277.0,3128.0,2681.0,2086.0,1788.0,1341.0,,,,,,,,,,,,,,,,,,,,,,,,
2024-06-18,3571.0,3594.0,3274.0,3295.0,3125.0,3145.0,2679.0,2696.0,2083.0,2097.0,1786.0,1797.0,3557.0,3261.0,3112.0,2668.0,2075.0,1778.0,1334.0,,,,,,,,,,,,,,,,,,,,,,,,
2024-06-19,3577.0,3589.0,3279.0,3290.0,3130.0,3140.0,2683.0,2691.0,2087.0,2093.0,1789.0,1794.0,3549.0,3253.0,3105.0,2662.0,2070.0,1774.0,1331.0,,,,,,,,,,,,,,,,,,,,,,,,
2024-06-20,3571.0,3583.0,3274.0,3284.0,3125.0,3135.0,2679.0,2687.0,2083.0,2090.0,1786.0,1791.0,3570.0,3272.0,3124.0,2677.0,2082.0,1785.0,1339.0,,,,,,,,,,,,,,,,,,,,,,,,
2024-06-21,3589.0,3600.0,3290.0,3300.0,3140.0,3150.0,2691.0,2700.0,2093.0,2100.0,1794.0,1800.0,3589.0,3290.0,3140.0,2692.0,2093.0,1794.0,1346.0,,,,,,,,,,,,,,,,,,,,,,,,
2024-06-22,3571.0,3594.0,3274.0,3295.0,3125.0,3145.0,2679.0,2696.0,2083.0,2097.0,1786.0,1797.0,3629.0,3327.0,3176.0,2722.0,2117.0,1815.0,1361.0,,,,,,,,,,,,,,,,,,,,,,,,
2024-06-23,3577.0,3589.0,3279.0,3290.0,3130.0,3140.0,2683.0,2691.0,2087.0,2093.0,1789.0,1794.0,3629.0,3327.0,3176.0,2722.0,2117.0,1815.0,1361.0,,,,,,,,,,,,,,,,,,,,,,,,
2024-06-24,3583.0,3606.0,3284.0,3305.0,3135.0,3155.0,2687.0,2704.0,2090.0,2103.0,1791.0,1803.0,3659.0,3354.0,3202.0,2744.0,2134.0,1830.0,1372.0,,,,,,,,,,,,,,,,,,,,,,,,
2024-06-25,3594.0,3617.0,3295.0,3316.0,3145.0,3165.0,2696.0,2713.0,2097.0,2110.0,1797.0,1809.0,3609.0,3309.0,3158.0,2707.0,2105.0,1805.0,1354.0,,,,,,,,,,,,,,,,,,,,,,,,
2024-06-26,3589.0,3611.0,3290.0,3310.0,3140.0,3160.0,2691.0,2709.0,2093.0,2107.0,1794.0,1806.0,3618.0,3317.0,3166.0,2714.0,2111.0,1809.0,1357.0,,,,,,,,,,,,,,,,,,,,,,,,
2024-06-27,3566.0,3589.0,3269.0,3290.0,3120.0,3140.0,2674.0,2691.0,2080.0,2093.0,1783.0,1794.0,3596.0,3296.0,3146.0,2697.0,2098.0,1798.0,1348.0,,,,,,,,,,,,,,,,,,,,,,,,
2024-06-28,3577.0,3600.0,3279.0,3300.0,3130.0,3150.0,2683.0,2700.0,2087.0,2100.0,1789.0,1800.0,3571.0,3273.0,3125.0,2678.0,2083.0,1785.0,1339.0,,,,,,,,,,,,,,,,,,,,,,,,
2024-06-29,3577.0,3600.0,3279.0,3300.0,3130.0,3150.0,2683.0,2700.0,2087.0,2100.0,1789.0,1800.0,3603.0,3303.0,3153.0,2703.0,2102.0,1802.0,1351.0,,,,,,,,,,,,,,,,,,,,,,,,
2024-06-30,3594.0,3606.0,3295.0,3305.0,3145.0,3155.0,2696.0,2704.0,2097.0,2103.0,1797.0,1803.0,3603.0,3303.0,3153.0,2702.0,2102.0,1802.0,1351.0,,,,,,,,,,,,,,,,,,,,,,,,
2024-07-01,3594.0,3606.0,3295.0,3305.0,3145.0,3155.0,2696.0,2704.0,2097.0,2103.0,1797.0,1803.0,3605.0,3304.0,3154.0,2704.0,2103.0,1802.0,1352.0,,,,,,,,,,,,,,,,,,,,,,,,
2024-07-02,3600.0,3623.0,3300.0,3321.0,3150.0,3170.0,2700.0,2717.0,2100.0,2113.0,1800.0,1811.0,3625.0,3323.0,3172.0,2719.0,2115.0,1812.0,1359.0,,,,,,,,,,,,,,,,,,,,,,,,
2024-07-03,3600.0,3611.0,3300.0,3310.0,3150.0,3160.0,2700.0,2709.0,2100.0,2107.0,1800.0,1806.0,3589.0,3290.0,3141.0,2692.0,2094.0,1795.0,1346.0,,,,,,,,,,,,,,,,,,,,,,,,
2024-07-04,3617.0,3629.0,3316.0,3326.0,3165.0,3175.0,2713.0,2721.0,2110.0,2117.0,1809.0,1814.0,3631.0,3328.0,3177.0,2723.0,2118.0,1815.0,1362.0,,,,,,,,,,,,,,,,,,,,,,,,
2024-07-05,3623.0,3634.0,3321.0,3331.0,3170.0,3180.0,2717.0,2726.0,2113.0,2120.0,1811.0,1817.0,3630.0,3328.0,3176.0,2723.0,2118.0,1815.0,1361.0,,,,,,,,,,,,,,,,,,,,,,,,
2024-07-06,3663.0,3686.0,3358.0,3379.0,3205.0,3225.0,2747.0,2764.0,2137.0,2150.0,1831.0,1843.0,3645.0,3342.0,3190.0,2734.0,2127.0,1823.0,1367.0,,,,,,,,,,,,,,,,,,,,,,,,
2024-07-07,3669.0,3691.0,3363.0,3384.0,3210.0,3230.0,2751.0,2769.0,2140.0,2153.0,1834.0,1846.0,3645.0,3342.0,3190.0,2734.0,2127.0,1823.0,1367.0,,,,,,,,,,,,,,,,,,,,,,,,
2024-07-08,3665.0,3677.0,3360.0,3370.0,3207.0,3217.0,2749.0,2757.0,2138.0,2145.0,1833.0,1838.0,3642.0,3339.0,3187.0,2732.0,2125.0,1821.0,1366.0,,,,,,,,,,,,,,,,,,,,,,,,
2024-07-09,3640.0,3651.0,3337.0,3347.0,3185.0,3195.0,2730.0,2739.0,2123.0,2130.0,1820.0,1826.0,3658.0,3353.0,3201.0,2744.0,2134.0,1829.0,1372.0,,,,,,,,,,,,,,,,,,,,,,,,
2024-07-10,3651.0,3663.0,3347.0,3358.0,3195.0,3205.0,2739.0,2747.0,2130.0,2137.0,1826.0,1831.0,3646.0,3342.0,3190.0,2735.0,2127.0,1823.0,1367.0,,,,,,,,,,,,,,,,,,,,,,,,
2024-07-11,3663.0,3686.0,3358.0,3379.0,3205.0,3225.0,2747.0,2764.0,2137.0,2150.0,1831.0,1843.0,3676.0,3369.0,3216.0,2757.0,2144.0,1838.0,1378.0,,,,,,,,,,,,,,,,,,,,,,,,
2024-07-12,3697.0,3720.0,3389.0,3410.0,3235.0,3255.0,2773.0,2790.0,2157.0,2170.0,1849.0,1860.0,3669.0,3363.0,3210.0,2751.0,2140.0,1834.0,1376.0,,,,,,,,,,,,,,,,,,,,,,,,
2024-07-13,3683.0,3706.0,3376.0,3397.0,3223.0,3243.0,2763.0,2780.0,2149.0,2162.0,1842.0,1853.0,3710.0,3400.0,3246.0,2782.0,2164.0,1855.0,1391.0,,,,,,,,,,,,,,,,,,,,,,,,
2024-07-14,3699.0,3711.0,3391.0,3402.0,3237.0,3247.0,2775.0,2783.0,2158.0,2165.0,1850.0,1855.0,3710.0,3400.0,3246.0,2782.0,2164.0,1855.0,1391.0,,,,,,,,,,,,,,,,,,,,,,,,
2024-07-15,3686.0,3709.0,3379.0,3400.0,3225.0,3245.0,2764.0,2781.0,2150.0,2163.0,1843.0,1854.0,3701.0,3392.0,3238.0,2776.0,2159.0,1850.0,1388.0,,,,,,,,,,,,,,,,,,,,,,,,
2024-07-16,3709.0,3731.0,3400.0,3420.0,3245.0,3265.0,2781.0,2799.0,2163.0,2177.0,1854.0,1866.0,3724.0,3414.0,3259.0,2793.0,2172.0,1862.0,1397.0,,,,,,,,,,,,,,,,,,,,,,,,
2024-07-17,3754.0,3777.0,3441.0,3462.0,3285.0,3305.0,2816.0,2833.0,2190.0,2203.0,1877.0,1889.0,3764.0,3450.0,3294.0,2823.0,2196.0,1882.0,1412.0,,,,,,,,,,,,,,,,,,,,,,,,
2024-07-18,3760.0,3783.0,3447.0,3468.0,3290.0,3310.0,2820.0,2837.0,2193.0,2207.0,1880.0,1891.0,3827.0,3508.0,3349.0,2871.0,2233.0,1914.0,1435.0,,,,,,,,,,,,,,,,,,,,,,,,
2024-07-19,3749.0,3771.0,3436.0,3457.0,3280.0,3300.0,2811.0,2829.0,2187.0,2200.0,1874.0,1886.0,3823.0,3504.0,3345.0,2867.0,2230.0,1911.0,1433.0,,,,,,,,,,,,,,,,,,,,,,,,
2024-07-20,3728.0,3751.0,3417.0,3438.0,3262.0,3282.0,2796.0,2813.0,2175.0,2188.0,1864.0,1875.0,3735.0,3424.0,3269.0,2802.0,2179.0,1868.0,1401.0,,,,,,,,,,,,,,,,,,,,,,,,
2024-07-21,3709.0,3731.0,3400.0,3420.0,3245.0,3265.0,2781.0,2799.0,2163.0,2177.0,1854.0,1866.0,3735.0,3424.0,3269.0,2802.0,2179.0,1868.0,1401.0,,,,,,,,,,,,,,,,,,,,,,,,
2024-07-22,3728.0,3751.0,3417.0,3438.0,3262.0,3282.0,2796.0,2813.0,2175.0,2188.0,1864.0,1875.0,3746.0,3434.0,3278.0,2810.0,2185.0,1873.0,1405.0,,,,,,,,,,,,,,,,,,,,,,,,
2024-07-23,3745.0,3757.0,3433.0,3444.0,3277.0,3287.0,2809.0,2817.0,2185.0,2191.0,1873.0,1878.0,3736.0,3424.0,3269.0,2802.0,2179.0,1868.0,1401.0,,,,,,,,,,,,,,,,,,,,,,,,
2024-07-24,3743.0,3754.0,3431.0,3441.0,3275.0,3285.0,2807.0,2816.0,2183.0,2190.0,1871.0,1877.0,3741.0,3430.0,3274.0,2806.0,2182.0,1871.0,1403.0,,,,,,,,,,,,,,,,,,,,,,,,
2024-07-25,3737.0,3749.0,3426.0,3436.0,3270.0,3280.0,2803.0,2811.0,2180.0,2187.0,1869.0,1874.0,3757.0,3444.0,3288.0,2818.0,2192.0,1879.0,1409.0,,,,,,,,,,,,,,,,,,,,,,,,
2024-07-26,3691.0,3703.0,3384.0,3394.0,3230.0,3240.0,2769.0,2777.0,2153.0,2160.0,1846.0,1851.0,3676.0,3370.0,3217.0,2757.0,2144.0,1838.0,1378.0,,,,,,,,,,,,,,,,,,,,,,,,
2024-07-27,3703.0,3726.0,3394.0,3415.0,3240.0,3260.0,2777.0,2794.0,2160.0,2173.0,1851.0,1863.0,3691.0,3383.0,3230.0,2768.0,2153.0,1846.0,1384.0,,,,,,,,,,,,,,,,,,,,,,,,
2024-07-28,3714.0,3737.0,3405.0,3426.0,3250.0,3270.0,2786.0,2803.0,2167.0,2180.0,1857.0,1869.0,3691.0,3383.0,3230.0,2768.0,2153.0,1846.0,1384.0,,,,,,,,,,,,,,,,,,,,,,,,
2024-07-29,3714.0,3737.0,3405.0,3426.0,3250.0,3270.0,2786.0,2803.0,2167.0,2180.0,1857.0,1869.0,3686.0,3379.0,3225.0,2765.0,2150.0,1843.0,1382.0,,,,,,,,,,,,,,,,,,,,,,,,
2024-07-30,3718.0,3729.0,3408.0,3418.0,3253.0,3263.0,2788.0,2797.0,2169.0,2175.0,1859.0,1865.0,3706.0,3397.0,3243.0,2780.0,2162.0,1853.0,1390.0,,,,,,,,,,,,,,,,,,,,,,,,
2024-07-31,3718.0,3741.0,3408.0,3429.0,3253.0,3273.0,2788.0,2805.0,2169.0,2182.0,1859.0,1870.0,3710.0,3401.0,3247.0,2783.0,2164.0,1855.0,1391.0,,,,,,,,,,,,,,,,,,,,,,,,
2024-08-01,3771.0,3794.0,3457.0,3478.0,3300.0,3320.0,2829.0,2846.0,2200.0,2213.0,1886.0,1897.0,3771.0,3457.0,3300.0,2828.0,2200.0,1886.0,1414.0,,,,,,,,,,,,,,,,,,,,,,,,
2024-08-02,3766.0,3789.0,3452.0,3473.0,3295.0,3315.0,2824.0,2841.0,2197.0,2210.0,1883.0,1894.0,3824.0,3505.0,3346.0,2868.0,2231.0,1912.0,1434.0,,,,,,,,,,,,,,,,,,,,,,,,
2024-08-03,3777.0,3800.0,3462.0,3483.0,3305.0,3325.0,2833.0,2850.0,2203.0,2217.0,1889.0,1900.0,3841.0,3521.0,3361.0,2881.0,2241.0,1921.0,1441.0,,,,,,,,,,,,,,,,,,,,,,,,
2024-08-04,3777.0,3800.0,3462.0,3483.0,3305.0,3325.0,2833.0,2850.0,2203.0,2217.0,1889.0,1900.0,3841.0,3521.0,3361.0,2881.0,2241.0,1921.0,1441.0,,,,,,,,,,,,,,,,,,,,,,,,
2024-08-05,3800.0,3823.0,3483.0,3504.0,3325.0,3345.0,2850.0,2867.0,2217.0,2230.0,1900.0,1911.0,3849.0,3528.0,3368.0,2886.0,2245.0,1924.0,1443.0,,,,,,,,,,,,,,,,,,,,,,,,
2024-08-06,3806.0,3829.0,3489.0,3510.0,3330.0,3350.0,2854.0,2871.0,2220.0,2233.0,1903.0,1914.0,3799.0,3483.0,3324.0,2850.0,2216.0,1900.0,1425.0,,,,,,,,,,,,,,,,,,,,,,,,
2024-08-07,3834.0,3857.0,3515.0,3536.0,3355.0,3375.0,2876.0,2893.0,2237.0,2250.0,1917.0,1929.0,3810.0,3492.0,3334.0,2857.0,2222.0,1905.0,1429.0,,,,,,,,,,,,,,,,,,,,,,,,
2024-08-08,3754.0,3800.0,3441.0,3483.0,3285.0,3325.0,2816.0,2850.0,2190.0,2217.0,1877.0,1900.0,3796.0,3480.0,3322.0,2847.0,2214.0,1898.0,1424.0,,,,,,,,,,,,,,,,,,,,,,,,
2024-08-09,3874.0,3897.0,3551.0,3572.0,3390.0,3410.0,2906.0,2923.0,2260.0,2273.0,1937.0,1949.0,3819.0,3501.0,3342.0,2864.0,2228.0,1910.0,1432.0,,,,,,,,,,,,,,,,,,,,,,,,
2024-08-10,3920.0,3954.0,3593.0,3625.0,3430.0,3460.0,2940.0,2966.0,2287.0,2307.0,1960.0,1977.0,3844.0,3523.0,3363.0,2883.0,2242.0,1922.0,1441.0,,,,,,,,,,,,,,,,,,,,,,,,
2024-08-11,3937.0,3971.0,3609.0,3640.0,3445.0,3475.0,2953.0,2979.0,2297.0,2317.0,1969.0,1986.0,3846.0,3525.0,3365.0,2884.0,2243.0,1923.0,1442.0,,,,,,,,,,,,,,,,,,,,,,,,
2024-08-12,3931.0,3943.0,3604.0,3614.0,3440.0,3450.0,2949.0,2957.0,2293.0,2300.0,1966.0,1971.0,3839.0,3519.0,3359.0,2879.0,2239.0,1919.0,1440.0,,,,,,,,,,,,,,,,,,,,,,,,
2024-08-13,3949.0,3971.0,3620.0,3640.0,3455.0,3475.0,2961.0,2979.0,2303.0,2317.0,1974.0,1986.0,3867.0,3545.0,3384.0,2900.0,2256.0,1933.0,1450.0,,,,,,,,,,,,,,,,,,,,,,,,
2024-08-14,3954.0,3977.0,3625.0,3646.0,3460.0,3480.0,2966.0,2983.0,2307.0,2320.0,1977.0,1989.0,3909.0,3583.0,3420.0,2932.0,2280.0,1955.0,1466.0,,,,,,,,,,,,,,,,,,,,,,,,
2024-08-15,3931.0,3954.0,3604.0,3625.0,3440.0,3460.0,2949.0,2966.0,2293.0,2307.0,1966.0,1977.0,3927.0,3600.0,3436.0,2946.0,2291.0,1964.0,1473.0,,,,,,,,,,,,,,,,,,,,,,,,
2024-08-16,3937.0,3949.0,3609.0,3620.0,3445.0,3455.0,2953.0,2961.0,2297.0,2303.0,1969.0,1974.0,3877.0,3554.0,3392.0,2907.0,2261.0,1938.0,1454.0,,,,,,,,,,,,,,,,,,,,,,,,
2024-08-17,3954.0,3966.0,3625.0,3635.0,3460.0,3470.0,2966.0,2974.0,2307.0,2313.0,1977.0,1983.0,3884.0,3560.0,3399.0,2913.0,2266.0,1942.0,1456.0,,,,,,,,,,,,,,,,,,,,,,,,
2024-08-18,3971.0,3994.0,3640.0,3661.0,3475.0,3495.0,2979.0,2996.0,2317.0,2330.0,1986.0,1997.0,3884.0,3560.0,3399.0,2913.0,2266.0,1942.0,1456.0,,,,,,,,,,,,,,,,,,,,,,,,
2024-08-19,3954.0,3977.0,3625.0,3646.0,3460.0,3480.0,2966.0,2983.0,2307.0,2320.0,1977.0,1989.0,3874.0,3551.0,3390.0,2906.0,2260.0,1937.0,1453.0,,,,,,,,,,,,,,,,,,,,,,,,
2024-08-20,3943.0,3966.0,3614.0,3635.0,3450.0,3470.0,2957.0,2974.0,2300.0,2313.0,1971.0,1983.0,3907.0,3581.0,3419.0,2930.0,2279.0,1953.0,1465.0,,,,,,,,,,,,,,,,,,,,,,,,
2024-08-21,3954.0,3977.0,3625.0,3646.0,3460.0,3480.0,2966.0,2983.0,2307.0,2320.0,1977.0,1989.0,3961.0,3631.0,3466.0,2971.0,2310.0,1980.0,1485.0,,,,,,,,,,,,,,,,,,,,,,,,
2024-08-22,3949.0,3971.0,3620.0,3640.0,3455.0,3475.0,2961.0,2979.0,2303.0,2317.0,1974.0,1986.0,3948.0,3619.0,3455.0,2961.0,2303.0,1974.0,1481.0,,,,,,,,,,,,,,,,,,,,,,,,
2024-08-23,3937.0,3949.0,3609.0,3620.0,3445.0,3455.0,2953.0,2961.0,2297.0,2303.0,1969.0,1974.0,3918.0,3591.0,3428.0,2938.0,2285.0,1959.0,1469.0,,,,,,,,,,,,,,,,,,,,,,,,
2024-08-24,3937.0,3960.0,3609.0,3630.0,3445.0,3465.0,2953.0,2970.0,2297.0,2310.0,1969.0,1980.0,3924.0,3597.0,3433.0,2943.0,2289.0,1962.0,1471.0,,,,,,,,,,,,,,,,,,,,,,,,
2024-08-25,3943.0,3954.0,3614.0,3625.0,3450.0,3460.0,2957.0,2966.0,2300.0,2307.0,1971.0,1977.0,3924.0,3597.0,3434.0,2943.0,2289.0,1962.0,1472.0,,,,,,,,,,,,,,,,,,,,,,,,
2024-08-26,3949.0,3960.0,3620.0,3630.0,3455.0,3465.0,2961.0,2970.0,2303.0,2310.0,1974.0,1980.0,3923.0,3596.0,3432.0,2942.0,2288.0,1961.0,1471.0,,,,,,,,,,,,,,,,,,,,,,,,
2024-08-27,3943.0,3966.0,3614.0,3635.0,3450.0,3470.0,2957.0,2974.0,2300.0,2313.0,1971.0,1983.0,3960.0,3630.0,3465.0,2970.0,2310.0,1980.0,1485.0,,,,,,,,,,,,,,,,,,,,,,,,
2024-08-28,3937.0,3960.0,3609.0,3630.0,3445.0,3465.0,2953.0,2970.0,2297.0,2310.0,1969.0,1980.0,3929.0,3602.0,3438.0,2947.0,2292.0,1965.0,1473.0,,,,,,,,,,,,,,,,,,,,,,,,
2024-08-29,3914.0,3937.0,3588.0,3609.0,3425.0,3445.0,2936.0,2953.0,2283.0,2297.0,1957.0,1969.0,3909.0,3584.0,3421.0,2932.0,2281.0,1955.0,1466.0,,,,,,,,,,,,,,,,,,,,,,,,
2024-08-30,3920.0,3943.0,3593.0,3614.0,3430.0,3450.0,2940.0,2957.0,2287.0,2300.0,1960.0,1971.0,3937.0,3609.0,3445.0,2953.0,2297.0,1969.0,1476.0,,,,,,,,,,,,,,,,,,,,,,,,
2024-08-31,3909.0,3931.0,3583.0,3604.0,3420.0,3440.0,2931.0,2949.0,2280.0,2293.0,1954.0,1966.0,3931.0,3604.0,3440.0,2949.0,2293.0,1966.0,1474.0,,,,,,,,,,,,,,,,,,,,,,,,
2024-09-01,3926.0,3937.0,3599.0,3609.0,3435.0,3445.0,2944.0,2953.0,2290.0,2297.0,1963.0,1969.0,3936.0,3608.0,3444.0,2952.0,2296.0,1968.0,1476.0,,,,,,,,,,,,,,,,,,,,,,,,
2024-09-02,3926.0,3937.0,3599.0,3609.0,3435.0,3445.0,2944.0,2953.0,2290.0,2297.0,1963.0,1969.0,3929.0,3602.0,3438.0,2947.0,2292.0,1965.0,1474.0,,,,,,,,,,,,,,,,,,,,,,,,
2024-09-03,3874.0,3897.0,3551.0,3572.0,3390.0,3410.0,2906.0,2923.0,2260.0,2273.0,1937.0,1949.0,3897.0,3573.0,3410.0,2923.0,2274.0,1949.0,1462.0,,,,,,,,,,,,,,,,,,,,,,,,
2024-09-04,3851.0,3874.0,3530.0,3551.0,3370.0,3390.0,2889.0,2906.0,2247.0,2260.0,1926.0,1937.0,3874.0,3552.0,3390.0,2906.0,2260.0,1937.0,1453.0,,,,,,,,,,,,,,,,,,,,,,,,
2024-09-05,3846.0,3869.0,3525.0,3546.0,3365.0,3385.0,2884.0,2901.0,2243.0,2257.0,1923.0,1934.0,3883.0,3559.0,3397.0,2912.0,2265.0,1941.0,1456.0,,,,,,,,,,,,,,,,,,,,,,,,
2024-09-06,3863.0,3886.0,3541.0,3562.0,3380.0,3400.0,2897.0,2914.0,2253.0,2267.0,1931.0,1943.0,3918.0,3591.0,3428.0,2938.0,2285.0,1959.0,1469.0,,,,,,,,,,,,,,,,,,,,,,,,
2024-09-07,3851.0,3874.0,3530.0,3551.0,3370.0,3390.0,2889.0,2906.0,2247.0,2260.0,1926.0,1937.0,3919.0,3592.0,3429.0,2939.0,2286.0,1959.0,1470.0,,,,,,,,,,,,,,,,,,,,,,,,
2024-09-08,3869.0,3880.0,3546.0,3557.0,3385.0,3395.0,2901.0,2910.0,2257.0,2263.0,1934.0,1940.0,3917.0,3591.0,3428.0,2938.0,2285.0,1959.0,1469.0,,,,,,,,,,,,,,,,,,,,,,,,
2024-09-09,3863.0,3874.0,3541.0,3551.0,3380.0,3390.0,2897.0,2906.0,2253.0,2260.0,1931.0,1937.0,3912.0,3586.0,3423.0,2934.0,2282.0,1956.0,1467.0,,,,,,,,,,,,,,,,,,,,,,,,
2024-09-10,3857.0,3869.0,3536.0,3546.0,3375.0,3385.0,2893.0,2901.0,2250.0,2257.0,1929.0,1934.0,3882.0,3558.0,3397.0,2911.0,2264.0,1941.0,1456.0,,,,,,,,,,,,,,,,,,,,,,,,
2024-09-11,3869.0,3880.0,3546.0,3557.0,3385.0,3395.0,2901.0,2910.0,2257.0,2263.0,1934.0,1940.0,3893.0,3568.0,3406.0,2919.0,2271.0,1946.0,1460.0,,,,,,,,,,,,,,,,,,,,,,,,
2024-09-12,3869.0,3880.0,3546.0,3557.0,3385.0,3395.0,2901.0,2910.0,2257.0,2263.0,1934.0,1940.0,3919.0,3592.0,3429.0,2939.0,2286.0,1959.0,1470.0,,,,,,,,,,,,,,,,,,,,,,,,
2024-09-13,3931.0,3943.0,3604.0,3614.0,3440.0,3450.0,2949.0,2957.0,2293.0,2300.0,1966.0,1971.0,3920.0,3594.0,3430.0,2940.0,2287.0,1960.0,1470.0,,,,,,,,,,,,,,,,,,,,,,,,
2024-09-14,3966.0,3977.0,3635.0,3646.0,3470.0,3480.0,2974.0,2983.0,2313.0,2320.0,1983.0,1989.0,3997.0,3664.0,3498.0,2998.0,2332.0,1999.0,1499.0,,,,,,,,,,,,,,,,,,,,,,,,
2024-09-15,3960.0,3971.0,3630.0,3640.0,3465.0,3475.0,2970.0,2979.0,2310.0,2317.0,1980.0,1986.0,3997.0,3664.0,3498.0,2998.0,2332.0,1999.0,1499.0,,,,,,,,,,,,,,,,,,,,,,,,
2024-09-16,3949.0,3971.0,3620.0,3640.0,3455.0,3475.0,2961.0,2979.0,2303.0,2317.0,1974.0,1986.0,3993.0,3660.0,3494.0,2995.0,2329.0,1996.0,1497.0,,,,,,,,,,,,,,,,,,,,,,,,
2024-09-17,3960.0,3971.0,3630.0,3640.0,3465.0,3475.0,2970.0,2979.0,2310.0,2317.0,1980.0,1986.0,4018.0,3683.0,3516.0,3013.0,2344.0,2009.0,1507.0,,,,,,,,,,,,,,,,,,,,,,,,
2024-09-18,3937.0,3949.0,3609.0,3620.0,3445.0,3455.0,2953.0,2961.0,2297.0,2303.0,1969.0,1974.0,4013.0,3678.0,3511.0,3010.0,2341.0,2006.0,1505.0,,,,,,,,,,,,,,,,,,,,,,,,
2024-09-19,3943.0,3966.0,3614.0,3635.0,3450.0,3470.0,2957.0,2974.0,2300.0,2313.0,1971.0,1983.0,4019.0,3684.0,3516.0,3014.0,2344.0,2009.0,1507.0,,,,,,,,,,,,,,,,,,,,,,,,
2024-09-20,3989.0,4011.0,3656.0,3677.0,3490.0,3510.0,2991.0,3009.0,2327.0,2340.0,1994.0,2006.0,4035.0,3699.0,3531.0,3027.0,2354.0,2018.0,1513.0,,,,,,,,,,,,,,,,,,,,,,,,
2024-09-21,4034.0,4057.0,3698.0,3719.0,3530.0,3550.0,3026.0,3043.0,2353.0,2367.0,2017.0,2029.0,4074.0,3735.0,3565.0,3056.0,2377.0,2037.0,1528.0,,,,,,,,,,,,,,,,,,,,,,,,
2024-09-22,4029.0,4051.0,3693.0,3714.0,3525.0,3545.0,3021.0,3039.0,2350.0,2363.0,2014.0,2026.0,4074.0,3735.0,3565.0,3056.0,2377.0,2037.0,1528.0,,,,,,,,,,,,,,,,,,,,,,,,
2024-09-23,4046.0,4069.0,3709.0,3730.0,3540.0,3560.0,3034.0,3051.0,2360.0,2373.0,2023.0,2034.0,4077.0,3738.0,3568.0,3058.0,2378.0,2039.0,1529.0,,,,,,,,,,,,,,,,,,,,,,,,
2024-09-24,4063.0,4074.0,3724.0,3735.0,3555.0,3565.0,3047.0,3056.0,2370.0,2377.0,2031.0,2037.0,4100.0,3758.0,3588.0,3075.0,2392.0,2050.0,1538.0,,,,,,,,,,,,,,,,,,,,,,,,
2024-09-25,4109.0,4120.0,3766.0,3777.0,3595.0,3605.0,3081.0,3090.0,2397.0,2403.0,2054.0,2060.0,4111.0,3768.0,3597.0,3083.0,2398.0,2055.0,1541.0,,,,,,,,,,,,,,,,,,,,,,,,
2024-09-26,4097.0,4109.0,3756.0,3766.0,3585.0,3595.0,3073.0,3081.0,2390.0,2397.0,2049.0,2054.0,4149.0,3803.0,3630.0,3112.0,2420.0,2074.0,1556.0,,,,,,,,,,,,,,,,,,,,,,,,
2024-09-27,4109.0,4120.0,3766.0,3777.0,3595.0,3605.0,3081.0,3090.0,2397.0,2403.0,2054.0,2060.0,4166.0,3819.0,3645.0,3125.0,2430.0,2083.0,1562.0,,,,,,,,,,,,,,,,,,,,,,,,
2024-09-28,4086.0,4097.0,3745.0,3756.0,3575.0,3585.0,3064.0,3073.0,2383.0,2390.0,2043.0,2049.0,4145.0,3799.0,3627.0,3109.0,2418.0,2072.0,1554.0,,,,,,,,,,,,,,,,,,,,,,,,
2024-09-29,4097.0,4109.0,3756.0,3766.0,3585.0,3595.0,3073.0,3081.0,2390.0,2397.0,2049.0,2054.0,4146.0,3800.0,3628.0,3109.0,2418.0,2073.0,1555.0,,,,,,,,,,,,,,,,,,,,,,,,
2024-09-30,4097.0,4109.0,3756.0,3766.0,3585.0,3595.0,3073.0,3081.0,2390.0,2397.0,2049.0,2054.0,4145.0,3800.0,3627.0,3109.0,2418.0,2073.0,1555.0,,,,,,,,,,,,,,,,,,,,,,,,
2024-10-01,4063.0,4074.0,3724.0,3735.0,3555.0,3565.0,3047.0,3056.0,2370.0,2377.0,2031.0,2037.0,4098.0,3757.0,3586.0,3074.0,2391.0,2049.0,1537.0,,,,,,,,,,,,,,,,,,,,,,,,
2024-10-02,4086.0,4097.0,3745.0,3756.0,3575.0,3585.0,3064.0,3073.0,2383.0,2390.0,2043.0,2049.0,4106.0,3763.0,3592.0,3079.0,2395.0,2053.0,1540.0,,,,,,,,,,,,,,,,,,,,,,,,
2024-10-26,4.0,4.0,3.0,3.0,3.0,3.0,3.0,3.0,2.0,2.0,2.0,2.0,4269.0,4271.0,4246.0,4211.0,,,,4126.0,4137.0,4168.0,4240.0,4234.0,4257.0,,,,,,,,,,,,,,,,,,
2024-10-27,4.0,4.0,3.0,3.0,3.0,3.0,3.0,3.0,2.0,2.0,2.0,2.0,4269.0,4271.0,4246.0,4211.0,,,,,4137.0,4168.0,4240.0,4234.0,4257.0,4274.0,,,,,,,,,,,,,,,,,
2024-10-28,4.0,4.0,3.0,3.0,3.0,3.0,3.0,3.0,2.0,2.0,2.0,2.0,4269.0,4271.0,4246.0,4211.0,,,,,,4168.0,4240.0,4234.0,4257.0,4274.0,4269.0,,,,,,,,,,,,,,,,
2024-10-29,4.0,4.0,3.0,3.0,3.0,3.0,3.0,3.0,2.0,2.0,2.0,2.0,4269.0,4271.0,4246.0,4211.0,,,,,,,4240.0,4234.0,4257.0,4274.0,4269.0,4269.0,,,,,,,,,,,,,,,
2024-10-30,4.0,4.0,3.0,3.0,3.0,3.0,3.0,3.0,2.0,2.0,2.0,2.0,4269.0,4271.0,4246.0,,,,,,,,4240.0,4234.0,4257.0,4274.0,4269.0,4269.0,4259.0,,,,,,,,,,,,,,
2024-10-31,4.0,4.0,3.0,3.0,3.0,3.0,3.0,3.0,2.0,2.0,2.0,2.0,4269.0,4271.0,4246.0,,,,,,,,,4234.0,4257.0,4274.0,4269.0,4269.0,4259.0,4291.0,,,,,,,,,,,,,
2024-11-01,4.0,4.0,3.0,3.0,3.0,3.0,3.0,3.0,2.0,2.0,2.0,2.0,4269.0,4271.0,4246.0,,,,,,,,,,4257.0,4274.0,4269.0,4269.0,4259.0,4291.0,4326.0,,,,,,,,,,,,
2024-11-02,4.0,4.0,3.0,3.0,3.0,3.0,3.0,3.0,2.0,2.0,2.0,2.0,4269.0,4271.0,,,,,,,,,,,4257.0,4274.0,4269.0,4269.0,4259.0,4291.0,4326.0,4326.0,,,,,,,,,,,
2024-11-03,4.0,4.0,3.0,3.0,3.0,3.0,3.0,3.0,2.0,2.0,2.0,2.0,4269.0,,,,,,,,,,,,4257.0,4274.0,4269.0,4269.0,4259.0,4291.0,4326.0,4326.0,4312.0,,,,,,,,,,
2024-11-04,4.0,4.0,3.0,3.0,3.0,3.0,3.0,3.0,2.0,2.0,2.0,2.0,4269.0,,,,,,,,,,,,,4274.0,4269.0,4269.0,4259.0,4291.0,4326.0,4326.0,4312.0,4309.0,,,,,,,,,
2024-11-05,4.0,4.0,3.0,3.0,3.0,3.0,3.0,3.0,2.0,2.0,2.0,2.0,,,,,,,,,,,,,,4274.0,4269.0,4269.0,4259.0,4291.0,4326.0,4326.0,4312.0,4309.0,4320.0,,,,,,,,
2024-11-06,4.0,4.0,4.0,4.0,3.0,3.0,3.0,3.0,2.0,2.0,2.0,2.0,,,,,,,,,,,,,,,4269.0,4269.0,4259.0,4291.0,4326.0,4326.0,4312.0,4309.0,4320.0,4354.0,,,,,,,
2024-11-07,4.0,4.0,3.0,3.0,3.0,3.0,3.0,3.0,2.0,2.0,2.0,2.0,,,,,,,,,,,,,,,,4269.0,4259.0,4291.0,4326.0,4326.0,4312.0,4309.0,4320.0,4354.0,4400.0,,,,,,
2024-11-08,4.0,4.0,3.0,3.0,3.0,3.0,3.0,3.0,2.0,2.0,2.0,2.0,,,,,,,,,,,,,,,,,4259.0,4291.0,4326.0,4326.0,4312.0,4309.0,4320.0,4354.0,4400.0,4314.0,,,,,
2024-11-09,4.0,4.0,3.0,3.0,3.0,3.0,3.0,3.0,2.0,2.0,2.0,2.0,,,,,,,,,,,,,,,,,,4291.0,4326.0,4326.0,4312.0,4309.0,4320.0,4354.0,4400.0,4314.0,4343.0,,,,
2024-11-10,4.0,4.0,3.0,3.0,3.0,3.0,3.0,3.0,2.0,2.0,2.0,2.0,,,,,,,,,,,,,,,,,,,4326.0,4326.0,4312.0,4309.0,4320.0,4354.0,4400.0,4314.0,4343.0,4303.0,,,
2024-11-11,4.0,4.0,3.0,3.0,3.0,3.0,3.0,3.0,2.0,2.0,2.0,2.0,,,,,,,4291.0,,,,,,,,,,,,,4326.0,4312.0,4309.0,4320.0,4354.0,4400.0,4314.0,4343.0,4303.0,,,
2024-11-12,4.0,4.0,3.0,3.0,3.0,3.0,3.0,3.0,2.0,2.0,2.0,2.0,,,,,,,4291.0,,,,,,,,,,,,,,4312.0,4309.0,4320.0,4354.0,4400.0,4314.0,4343.0,4303.0,4286.0,,
2024-11-14,4.0,4.0,3.0,3.0,3.0,3.0,3.0,3.0,2.0,2.0,2.0,2.0,,,,,,4143.0,4291.0,,,,,,,,,,,,,,,,4320.0,4354.0,4400.0,4314.0,4343.0,4303.0,4286.0,4200.0,
2024-11-15,4.0,4.0,3.0,3.0,3.0,3.0,3.0,3.0,2.0,2.0,2.0,2.0,,,,,,4143.0,4291.0,,,,,,,,,,,,,,,,,4354.0,4400.0,4314.0,4343.0,4303.0,4286.0,4200.0,4114.0
2024-11-16,4.0,4.0,3.0,3.0,3.0,3.0,3.0,3.0,2.0,2.0,2.0,2.0,,,,,4074.0,4143.0,4291.0,,,,,,,,,,,,,,,,,,4400.0,4314.0,4343.0,4303.0,4286.0,4200.0,4114.0
2024-11-17,4.0,4.0,3.0,3.0,3.0,3.0,3.0,3.0,2.0,2.0,2.0,2.0,,,,,4074.0,4143.0,4291.0,4051.0,,,,,,,,,,,,,,,,,,4314.0,4343.0,4303.0,4286.0,4200.0,4114.0
2024-11-18,4.0,4.0,3.0,3.0,3.0,3.0,3.0,3.0,2.0,2.0,2.0,2.0,,,,,4074.0,4143.0,4291.0,4051.0,4069.0,,,,,,,,,,,,,,,,,,4343.0,4303.0,4286.0,4200.0,4114.0
2024-11-18,4137.0,4126.0,3792.0,3782.0,3620.0,3610.0,3103.0,3094.0,2413.0,2407.0,2069.0,2063.0,,,,,4074.0,4143.0,4291.0,4051.0,4069.0,4057.0,,,,,,,,,,,,,,,,,,4303.0,4286.0,4200.0,4114.0
2025-12-06,6410.0,6390.0,5875.0,5855.0,5610.0,5590.0,4810.0,4790.0,3740.0,3725.0,3205.0,3195.0,,,,,,,,,,,,,,,,,,,,,,,,,,,,,,,
